Command line invocation:
    /Applications/Xcode.app/Contents/Developer/usr/bin/xcodebuild build -project Chitchat.xcodeproj -scheme Chitchat -destination platform=macOS

Resolve Package Graph


Resolved source packages:
  mlx-swift-lm: https://github.com/SharpAI/mlx-swift-lm @ main (2c2cd9e)
  swift-http-types: https://github.com/apple/swift-http-types.git @ 1.5.1
  async-http-client: https://github.com/swift-server/async-http-client @ 1.33.1
  swift-distributed-tracing: https://github.com/apple/swift-distributed-tracing.git @ 1.4.1
  swift-transformers: https://github.com/huggingface/swift-transformers.git @ 1.2.1
  EventSource: https://github.com/mattt/EventSource.git @ 1.4.1
  swift-service-context: https://github.com/apple/swift-service-context.git @ 1.3.0
  swift-nio-ssl: https://github.com/apple/swift-nio-ssl.git @ 2.37.0
  swift-async-algorithms: https://github.com/apple/swift-async-algorithms.git @ 1.1.3
  GRDB: https://github.com/groue/GRDB.swift @ 7.10.0
  swift-argument-parser: https://github.com/apple/swift-argument-parser.git @ 1.7.1
  argmax-oss-swift: https://github.com/argmaxinc/WhisperKit @ main (c9cf203)
  Xet: https://github.com/mattt/swift-xet.git @ 0.2.3
  swift-system: https://github.com/apple/swift-system @ 1.6.4
  swift-configuration: https://github.com/apple/swift-configuration.git @ 1.2.0
  swift-nio-http2: https://github.com/apple/swift-nio-http2.git @ 1.43.0
  swift-http-structured-headers: https://github.com/apple/swift-http-structured-headers.git @ 1.7.0
  swift-syntax: https://github.com/swiftlang/swift-syntax.git @ 600.0.1
  swift-crypto: https://github.com/apple/swift-crypto.git @ 3.8.0
  yyjson: https://github.com/ibireme/yyjson.git @ 0.12.0
  swift-nio: https://github.com/apple/swift-nio.git @ 2.99.0
  swift-collections: https://github.com/apple/swift-collections.git @ 1.5.0
  swift-numerics: https://github.com/apple/swift-numerics @ 1.1.1
  swift-huggingface: https://github.com/huggingface/swift-huggingface.git @ 0.8.1
  swift-algorithms: https://github.com/apple/swift-algorithms.git @ 1.2.1
  swift-service-lifecycle: https://github.com/swift-server/swift-service-lifecycle @ 2.11.0
  swift-log: https://github.com/apple/swift-log.git @ 1.12.0
  swift-nio-extras: https://github.com/apple/swift-nio-extras.git @ 1.26.0
  swift-nio-transport-services: https://github.com/apple/swift-nio-transport-services.git @ 1.28.0
  Jinja: https://github.com/huggingface/swift-jinja.git @ 2.3.5
  swift-atomics: https://github.com/apple/swift-atomics.git @ 1.3.0
  mlx-swift: https://github.com/SharpAI/mlx-swift.git @ main (35191a6)

--- xcodebuild: WARNING: Using the first of multiple matching destinations:
{ platform:macOS, arch:arm64, id:00006000-001868CA1191801E, name:My Mac }
{ platform:macOS, arch:x86_64, id:00006000-001868CA1191801E, name:My Mac }
ComputePackagePrebuildTargetDependencyGraph

Prepare packages

CreateBuildRequest

SendProjectDescription

CreateBuildOperation

ComputeTargetDependencyGraph
note: Building targets in dependency order
note: Target dependency graph (114 targets)
    Target 'Chitchat' in project 'Chitchat'
        ➜ Explicit dependency on target 'Hub' in project 'swift-transformers'
        ➜ Explicit dependency on target 'MLXLLM' in project 'mlx-swift-lm'
        ➜ Explicit dependency on target 'MLXLMCommon' in project 'mlx-swift-lm'
        ➜ Explicit dependency on target 'MLXVLM' in project 'mlx-swift-lm'
        ➜ Explicit dependency on target 'Tokenizers' in project 'swift-transformers'
        ➜ Explicit dependency on target 'WhisperKit' in project 'argmax-oss-swift'
        ➜ Explicit dependency on target 'GRDB' in project 'GRDB'
    Target 'GRDB' in project 'GRDB'
        ➜ Explicit dependency on target 'GRDB' in project 'GRDB'
        ➜ Explicit dependency on target 'GRDB_GRDB' in project 'GRDB'
    Target 'GRDB' in project 'GRDB'
        ➜ Explicit dependency on target 'GRDB_GRDB' in project 'GRDB'
        ➜ Explicit dependency on target 'GRDBSQLite' in project 'GRDB'
    Target 'GRDBSQLite' in project 'GRDB' (no dependencies)
    Target 'GRDB_GRDB' in project 'GRDB' (no dependencies)
    Target 'WhisperKit' in project 'argmax-oss-swift'
        ➜ Explicit dependency on target 'WhisperKit' in project 'argmax-oss-swift'
        ➜ Explicit dependency on target 'ArgmaxCore' in project 'argmax-oss-swift'
    Target 'WhisperKit' in project 'argmax-oss-swift'
        ➜ Explicit dependency on target 'ArgmaxCore' in project 'argmax-oss-swift'
    Target 'ArgmaxCore' in project 'argmax-oss-swift' (no dependencies)
    Target 'Tokenizers' in project 'swift-transformers'
        ➜ Explicit dependency on target 'Tokenizers' in project 'swift-transformers'
        ➜ Explicit dependency on target 'Hub' in project 'swift-transformers'
        ➜ Explicit dependency on target 'Jinja' in project 'Jinja'
        ➜ Explicit dependency on target 'HuggingFace' in project 'swift-huggingface'
        ➜ Explicit dependency on target 'OrderedCollections' in project 'swift-collections'
        ➜ Explicit dependency on target 'Crypto' in project 'swift-crypto'
        ➜ Explicit dependency on target 'yyjson' in project 'yyjson'
    Target 'Tokenizers' in project 'swift-transformers'
        ➜ Explicit dependency on target 'Hub' in project 'swift-transformers'
        ➜ Explicit dependency on target 'Jinja' in project 'Jinja'
        ➜ Explicit dependency on target 'HuggingFace' in project 'swift-huggingface'
        ➜ Explicit dependency on target 'OrderedCollections' in project 'swift-collections'
        ➜ Explicit dependency on target 'Crypto' in project 'swift-crypto'
        ➜ Explicit dependency on target 'yyjson' in project 'yyjson'
    Target 'MLXVLM' in project 'mlx-swift-lm'
        ➜ Explicit dependency on target 'MLXVLM' in project 'mlx-swift-lm'
        ➜ Explicit dependency on target 'MLXLMCommon' in project 'mlx-swift-lm'
        ➜ Explicit dependency on target 'MLXLLM' in project 'mlx-swift-lm'
        ➜ Explicit dependency on target 'MLX' in project 'mlx-swift'
        ➜ Explicit dependency on target 'MLXNN' in project 'mlx-swift'
        ➜ Explicit dependency on target 'MLXOptimizers' in project 'mlx-swift'
    Target 'MLXVLM' in project 'mlx-swift-lm'
        ➜ Explicit dependency on target 'MLXLMCommon' in project 'mlx-swift-lm'
        ➜ Explicit dependency on target 'MLXLLM' in project 'mlx-swift-lm'
        ➜ Explicit dependency on target 'MLX' in project 'mlx-swift'
        ➜ Explicit dependency on target 'MLXNN' in project 'mlx-swift'
        ➜ Explicit dependency on target 'MLXOptimizers' in project 'mlx-swift'
    Target 'MLXLMCommon' in project 'mlx-swift-lm'
        ➜ Explicit dependency on target 'MLXLMCommon' in project 'mlx-swift-lm'
        ➜ Explicit dependency on target 'MLX' in project 'mlx-swift'
        ➜ Explicit dependency on target 'MLXNN' in project 'mlx-swift'
        ➜ Explicit dependency on target 'MLXOptimizers' in project 'mlx-swift'
    Target 'MLXLLM' in project 'mlx-swift-lm'
        ➜ Explicit dependency on target 'MLXLLM' in project 'mlx-swift-lm'
        ➜ Explicit dependency on target 'MLXLMCommon' in project 'mlx-swift-lm'
        ➜ Explicit dependency on target 'MLX' in project 'mlx-swift'
        ➜ Explicit dependency on target 'MLXNN' in project 'mlx-swift'
        ➜ Explicit dependency on target 'MLXOptimizers' in project 'mlx-swift'
    Target 'MLXLLM' in project 'mlx-swift-lm'
        ➜ Explicit dependency on target 'MLXLMCommon' in project 'mlx-swift-lm'
        ➜ Explicit dependency on target 'MLX' in project 'mlx-swift'
        ➜ Explicit dependency on target 'MLXNN' in project 'mlx-swift'
        ➜ Explicit dependency on target 'MLXOptimizers' in project 'mlx-swift'
    Target 'MLXLMCommon' in project 'mlx-swift-lm'
        ➜ Explicit dependency on target 'MLX' in project 'mlx-swift'
        ➜ Explicit dependency on target 'MLXNN' in project 'mlx-swift'
        ➜ Explicit dependency on target 'MLXOptimizers' in project 'mlx-swift'
    Target 'MLXOptimizers' in project 'mlx-swift'
        ➜ Explicit dependency on target 'MLXOptimizers' in project 'mlx-swift'
        ➜ Explicit dependency on target 'Cmlx' in project 'mlx-swift'
        ➜ Explicit dependency on target 'MLX' in project 'mlx-swift'
        ➜ Explicit dependency on target 'MLXNN' in project 'mlx-swift'
        ➜ Explicit dependency on target 'Numerics' in project 'swift-numerics'
    Target 'MLXOptimizers' in project 'mlx-swift'
        ➜ Explicit dependency on target 'Cmlx' in project 'mlx-swift'
        ➜ Explicit dependency on target 'MLX' in project 'mlx-swift'
        ➜ Explicit dependency on target 'MLXNN' in project 'mlx-swift'
        ➜ Explicit dependency on target 'Numerics' in project 'swift-numerics'
    Target 'MLXNN' in project 'mlx-swift'
        ➜ Explicit dependency on target 'MLXNN' in project 'mlx-swift'
        ➜ Explicit dependency on target 'Cmlx' in project 'mlx-swift'
        ➜ Explicit dependency on target 'MLX' in project 'mlx-swift'
        ➜ Explicit dependency on target 'Numerics' in project 'swift-numerics'
    Target 'MLXNN' in project 'mlx-swift'
        ➜ Explicit dependency on target 'Cmlx' in project 'mlx-swift'
        ➜ Explicit dependency on target 'MLX' in project 'mlx-swift'
        ➜ Explicit dependency on target 'Numerics' in project 'swift-numerics'
    Target 'MLX' in project 'mlx-swift'
        ➜ Explicit dependency on target 'MLX' in project 'mlx-swift'
        ➜ Explicit dependency on target 'Cmlx' in project 'mlx-swift'
        ➜ Explicit dependency on target 'Numerics' in project 'swift-numerics'
    Target 'MLX' in project 'mlx-swift'
        ➜ Explicit dependency on target 'Cmlx' in project 'mlx-swift'
        ➜ Explicit dependency on target 'Numerics' in project 'swift-numerics'
    Target 'Numerics' in project 'swift-numerics'
        ➜ Explicit dependency on target 'Numerics' in project 'swift-numerics'
        ➜ Explicit dependency on target '_NumericsShims' in project 'swift-numerics'
        ➜ Explicit dependency on target 'RealModule' in project 'swift-numerics'
        ➜ Explicit dependency on target 'ComplexModule' in project 'swift-numerics'
    Target 'Numerics' in project 'swift-numerics'
        ➜ Explicit dependency on target '_NumericsShims' in project 'swift-numerics'
        ➜ Explicit dependency on target 'RealModule' in project 'swift-numerics'
        ➜ Explicit dependency on target 'ComplexModule' in project 'swift-numerics'
    Target 'ComplexModule' in project 'swift-numerics'
        ➜ Explicit dependency on target '_NumericsShims' in project 'swift-numerics'
        ➜ Explicit dependency on target 'RealModule' in project 'swift-numerics'
    Target 'Cmlx' in project 'mlx-swift'
        ➜ Explicit dependency on target 'mlx-swift_Cmlx' in project 'mlx-swift'
    Target 'mlx-swift_Cmlx' in project 'mlx-swift' (no dependencies)
    Target 'Hub' in project 'swift-transformers'
        ➜ Explicit dependency on target 'Hub' in project 'swift-transformers'
        ➜ Explicit dependency on target 'swift-transformers_Hub' in project 'swift-transformers'
        ➜ Explicit dependency on target 'Jinja' in project 'Jinja'
        ➜ Explicit dependency on target 'HuggingFace' in project 'swift-huggingface'
        ➜ Explicit dependency on target 'OrderedCollections' in project 'swift-collections'
        ➜ Explicit dependency on target 'Crypto' in project 'swift-crypto'
        ➜ Explicit dependency on target 'yyjson' in project 'yyjson'
    Target 'Hub' in project 'swift-transformers'
        ➜ Explicit dependency on target 'swift-transformers_Hub' in project 'swift-transformers'
        ➜ Explicit dependency on target 'Jinja' in project 'Jinja'
        ➜ Explicit dependency on target 'HuggingFace' in project 'swift-huggingface'
        ➜ Explicit dependency on target 'OrderedCollections' in project 'swift-collections'
        ➜ Explicit dependency on target 'Crypto' in project 'swift-crypto'
        ➜ Explicit dependency on target 'yyjson' in project 'yyjson'
    Target 'yyjson' in project 'yyjson'
        ➜ Explicit dependency on target 'yyjson' in project 'yyjson'
    Target 'yyjson' in project 'yyjson' (no dependencies)
    Target 'HuggingFace' in project 'swift-huggingface'
        ➜ Explicit dependency on target 'HuggingFace' in project 'swift-huggingface'
        ➜ Explicit dependency on target 'EventSource' in project 'EventSource'
        ➜ Explicit dependency on target 'Crypto' in project 'swift-crypto'
        ➜ Explicit dependency on target 'Xet' in project 'Xet'
    Target 'HuggingFace' in project 'swift-huggingface'
        ➜ Explicit dependency on target 'EventSource' in project 'EventSource'
        ➜ Explicit dependency on target 'Crypto' in project 'swift-crypto'
        ➜ Explicit dependency on target 'Xet' in project 'Xet'
    Target 'Xet' in project 'Xet'
        ➜ Explicit dependency on target 'Xet' in project 'Xet'
        ➜ Explicit dependency on target 'AsyncHTTPClient' in project 'async-http-client'
        ➜ Explicit dependency on target 'NIOCore' in project 'swift-nio'
        ➜ Explicit dependency on target 'NIOHTTP1' in project 'swift-nio'
        ➜ Explicit dependency on target 'NIOTransportServices' in project 'swift-nio-transport-services'
    Target 'Xet' in project 'Xet'
        ➜ Explicit dependency on target 'AsyncHTTPClient' in project 'async-http-client'
        ➜ Explicit dependency on target 'NIOCore' in project 'swift-nio'
        ➜ Explicit dependency on target 'NIOHTTP1' in project 'swift-nio'
        ➜ Explicit dependency on target 'NIOTransportServices' in project 'swift-nio-transport-services'
    Target 'AsyncHTTPClient' in project 'async-http-client'
        ➜ Explicit dependency on target 'AsyncHTTPClient' in project 'async-http-client'
        ➜ Explicit dependency on target 'CAsyncHTTPClient' in project 'async-http-client'
        ➜ Explicit dependency on target 'NIO' in project 'swift-nio'
        ➜ Explicit dependency on target 'NIOTLS' in project 'swift-nio'
        ➜ Explicit dependency on target 'NIOCore' in project 'swift-nio'
        ➜ Explicit dependency on target 'NIOPosix' in project 'swift-nio'
        ➜ Explicit dependency on target 'NIOHTTP1' in project 'swift-nio'
        ➜ Explicit dependency on target 'NIOConcurrencyHelpers' in project 'swift-nio'
        ➜ Explicit dependency on target 'NIOHTTP2' in project 'swift-nio-http2'
        ➜ Explicit dependency on target 'NIOSSL' in project 'swift-nio-ssl'
        ➜ Explicit dependency on target 'NIOHTTPCompression' in project 'swift-nio-extras'
        ➜ Explicit dependency on target 'NIOSOCKS' in project 'swift-nio-extras'
        ➜ Explicit dependency on target 'NIOTransportServices' in project 'swift-nio-transport-services'
        ➜ Explicit dependency on target 'Atomics' in project 'swift-atomics'
        ➜ Explicit dependency on target 'Algorithms' in project 'swift-algorithms'
        ➜ Explicit dependency on target 'Configuration' in project 'swift-configuration'
        ➜ Explicit dependency on target 'Logging' in project 'swift-log'
        ➜ Explicit dependency on target 'Tracing' in project 'swift-distributed-tracing'
        ➜ Explicit dependency on target 'ServiceContextModule' in project 'swift-service-context'
    Target 'AsyncHTTPClient' in project 'async-http-client'
        ➜ Explicit dependency on target 'CAsyncHTTPClient' in project 'async-http-client'
        ➜ Explicit dependency on target 'NIO' in project 'swift-nio'
        ➜ Explicit dependency on target 'NIOTLS' in project 'swift-nio'
        ➜ Explicit dependency on target 'NIOCore' in project 'swift-nio'
        ➜ Explicit dependency on target 'NIOPosix' in project 'swift-nio'
        ➜ Explicit dependency on target 'NIOHTTP1' in project 'swift-nio'
        ➜ Explicit dependency on target 'NIOConcurrencyHelpers' in project 'swift-nio'
        ➜ Explicit dependency on target 'NIOHTTP2' in project 'swift-nio-http2'
        ➜ Explicit dependency on target 'NIOSSL' in project 'swift-nio-ssl'
        ➜ Explicit dependency on target 'NIOHTTPCompression' in project 'swift-nio-extras'
        ➜ Explicit dependency on target 'NIOSOCKS' in project 'swift-nio-extras'
        ➜ Explicit dependency on target 'NIOTransportServices' in project 'swift-nio-transport-services'
        ➜ Explicit dependency on target 'Atomics' in project 'swift-atomics'
        ➜ Explicit dependency on target 'Algorithms' in project 'swift-algorithms'
        ➜ Explicit dependency on target 'Configuration' in project 'swift-configuration'
        ➜ Explicit dependency on target 'Logging' in project 'swift-log'
        ➜ Explicit dependency on target 'Tracing' in project 'swift-distributed-tracing'
        ➜ Explicit dependency on target 'ServiceContextModule' in project 'swift-service-context'
    Target 'Tracing' in project 'swift-distributed-tracing'
        ➜ Explicit dependency on target 'Tracing' in project 'swift-distributed-tracing'
        ➜ Explicit dependency on target 'Instrumentation' in project 'swift-distributed-tracing'
        ➜ Explicit dependency on target 'ServiceContextModule' in project 'swift-service-context'
    Target 'Tracing' in project 'swift-distributed-tracing'
        ➜ Explicit dependency on target 'Instrumentation' in project 'swift-distributed-tracing'
        ➜ Explicit dependency on target 'ServiceContextModule' in project 'swift-service-context'
    Target 'Instrumentation' in project 'swift-distributed-tracing'
        ➜ Explicit dependency on target 'ServiceContextModule' in project 'swift-service-context'
    Target 'ServiceContextModule' in project 'swift-service-context'
        ➜ Explicit dependency on target 'ServiceContextModule' in project 'swift-service-context'
    Target 'ServiceContextModule' in project 'swift-service-context' (no dependencies)
    Target 'Logging' in project 'swift-log'
        ➜ Explicit dependency on target 'Logging' in project 'swift-log'
    Target 'Logging' in project 'swift-log' (no dependencies)
    Target 'Configuration' in project 'swift-configuration'
        ➜ Explicit dependency on target 'Configuration' in project 'swift-configuration'
        ➜ Explicit dependency on target 'SystemPackage' in project 'swift-system'
        ➜ Explicit dependency on target 'DequeModule' in project 'swift-collections'
    Target 'Configuration' in project 'swift-configuration'
        ➜ Explicit dependency on target 'SystemPackage' in project 'swift-system'
        ➜ Explicit dependency on target 'DequeModule' in project 'swift-collections'
    Target 'SystemPackage' in project 'swift-system'
        ➜ Explicit dependency on target 'SystemPackage' in project 'swift-system'
        ➜ Explicit dependency on target 'CSystem' in project 'swift-system'
    Target 'SystemPackage' in project 'swift-system'
        ➜ Explicit dependency on target 'CSystem' in project 'swift-system'
    Target 'CSystem' in project 'swift-system' (no dependencies)
    Target 'Algorithms' in project 'swift-algorithms'
        ➜ Explicit dependency on target 'Algorithms' in project 'swift-algorithms'
        ➜ Explicit dependency on target 'RealModule' in project 'swift-numerics'
    Target 'Algorithms' in project 'swift-algorithms'
        ➜ Explicit dependency on target 'RealModule' in project 'swift-numerics'
    Target 'RealModule' in project 'swift-numerics'
        ➜ Explicit dependency on target 'RealModule' in project 'swift-numerics'
        ➜ Explicit dependency on target '_NumericsShims' in project 'swift-numerics'
    Target 'RealModule' in project 'swift-numerics'
        ➜ Explicit dependency on target '_NumericsShims' in project 'swift-numerics'
    Target '_NumericsShims' in project 'swift-numerics' (no dependencies)
    Target 'NIOTransportServices' in project 'swift-nio-transport-services'
        ➜ Explicit dependency on target 'NIOTransportServices' in project 'swift-nio-transport-services'
        ➜ Explicit dependency on target 'NIO' in project 'swift-nio'
        ➜ Explicit dependency on target 'NIOCore' in project 'swift-nio'
        ➜ Explicit dependency on target 'NIOFoundationCompat' in project 'swift-nio'
        ➜ Explicit dependency on target 'NIOTLS' in project 'swift-nio'
        ➜ Explicit dependency on target 'Atomics' in project 'swift-atomics'
    Target 'NIOTransportServices' in project 'swift-nio-transport-services'
        ➜ Explicit dependency on target 'NIO' in project 'swift-nio'
        ➜ Explicit dependency on target 'NIOCore' in project 'swift-nio'
        ➜ Explicit dependency on target 'NIOFoundationCompat' in project 'swift-nio'
        ➜ Explicit dependency on target 'NIOTLS' in project 'swift-nio'
        ➜ Explicit dependency on target 'Atomics' in project 'swift-atomics'
    Target 'NIOFoundationCompat' in project 'swift-nio'
        ➜ Explicit dependency on target 'NIOFoundationCompat' in project 'swift-nio'
        ➜ Explicit dependency on target 'CNIOAtomics' in project 'swift-nio'
        ➜ Explicit dependency on target 'NIOConcurrencyHelpers' in project 'swift-nio'
        ➜ Explicit dependency on target '_NIOBase64' in project 'swift-nio'
        ➜ Explicit dependency on target 'CNIOOpenBSD' in project 'swift-nio'
        ➜ Explicit dependency on target 'CNIODarwin' in project 'swift-nio'
        ➜ Explicit dependency on target 'CNIOLinux' in project 'swift-nio'
        ➜ Explicit dependency on target 'CNIOWindows' in project 'swift-nio'
        ➜ Explicit dependency on target 'CNIOWASI' in project 'swift-nio'
        ➜ Explicit dependency on target '_NIODataStructures' in project 'swift-nio'
        ➜ Explicit dependency on target 'NIOCore' in project 'swift-nio'
        ➜ Explicit dependency on target 'NIOEmbedded' in project 'swift-nio'
        ➜ Explicit dependency on target 'CNIOPosix' in project 'swift-nio'
        ➜ Explicit dependency on target 'NIOPosix' in project 'swift-nio'
        ➜ Explicit dependency on target 'NIO' in project 'swift-nio'
        ➜ Explicit dependency on target 'NIOFoundationEssentialsCompat' in project 'swift-nio'
        ➜ Explicit dependency on target 'DequeModule' in project 'swift-collections'
        ➜ Explicit dependency on target 'Atomics' in project 'swift-atomics'
    Target 'NIOFoundationCompat' in project 'swift-nio'
        ➜ Explicit dependency on target 'CNIOAtomics' in project 'swift-nio'
        ➜ Explicit dependency on target 'NIOConcurrencyHelpers' in project 'swift-nio'
        ➜ Explicit dependency on target '_NIOBase64' in project 'swift-nio'
        ➜ Explicit dependency on target 'CNIOOpenBSD' in project 'swift-nio'
        ➜ Explicit dependency on target 'CNIODarwin' in project 'swift-nio'
        ➜ Explicit dependency on target 'CNIOLinux' in project 'swift-nio'
        ➜ Explicit dependency on target 'CNIOWindows' in project 'swift-nio'
        ➜ Explicit dependency on target 'CNIOWASI' in project 'swift-nio'
        ➜ Explicit dependency on target '_NIODataStructures' in project 'swift-nio'
        ➜ Explicit dependency on target 'NIOCore' in project 'swift-nio'
        ➜ Explicit dependency on target 'NIOEmbedded' in project 'swift-nio'
        ➜ Explicit dependency on target 'CNIOPosix' in project 'swift-nio'
        ➜ Explicit dependency on target 'NIOPosix' in project 'swift-nio'
        ➜ Explicit dependency on target 'NIO' in project 'swift-nio'
        ➜ Explicit dependency on target 'NIOFoundationEssentialsCompat' in project 'swift-nio'
        ➜ Explicit dependency on target 'DequeModule' in project 'swift-collections'
        ➜ Explicit dependency on target 'Atomics' in project 'swift-atomics'
    Target 'NIOFoundationEssentialsCompat' in project 'swift-nio'
        ➜ Explicit dependency on target 'CNIOAtomics' in project 'swift-nio'
        ➜ Explicit dependency on target 'NIOConcurrencyHelpers' in project 'swift-nio'
        ➜ Explicit dependency on target '_NIOBase64' in project 'swift-nio'
        ➜ Explicit dependency on target 'CNIOOpenBSD' in project 'swift-nio'
        ➜ Explicit dependency on target 'CNIODarwin' in project 'swift-nio'
        ➜ Explicit dependency on target 'CNIOLinux' in project 'swift-nio'
        ➜ Explicit dependency on target 'CNIOWindows' in project 'swift-nio'
        ➜ Explicit dependency on target 'CNIOWASI' in project 'swift-nio'
        ➜ Explicit dependency on target '_NIODataStructures' in project 'swift-nio'
        ➜ Explicit dependency on target 'NIOCore' in project 'swift-nio'
        ➜ Explicit dependency on target 'DequeModule' in project 'swift-collections'
        ➜ Explicit dependency on target 'Atomics' in project 'swift-atomics'
    Target 'NIOSOCKS' in project 'swift-nio-extras'
        ➜ Explicit dependency on target 'NIOSOCKS' in project 'swift-nio-extras'
        ➜ Explicit dependency on target 'NIO' in project 'swift-nio'
        ➜ Explicit dependency on target 'NIOCore' in project 'swift-nio'
    Target 'NIOSOCKS' in project 'swift-nio-extras'
        ➜ Explicit dependency on target 'NIO' in project 'swift-nio'
        ➜ Explicit dependency on target 'NIOCore' in project 'swift-nio'
    Target 'NIOHTTPCompression' in project 'swift-nio-extras'
        ➜ Explicit dependency on target 'NIOHTTPCompression' in project 'swift-nio-extras'
        ➜ Explicit dependency on target 'CNIOExtrasZlib' in project 'swift-nio-extras'
        ➜ Explicit dependency on target 'NIO' in project 'swift-nio'
        ➜ Explicit dependency on target 'NIOCore' in project 'swift-nio'
        ➜ Explicit dependency on target 'NIOHTTP1' in project 'swift-nio'
    Target 'NIOHTTPCompression' in project 'swift-nio-extras'
        ➜ Explicit dependency on target 'CNIOExtrasZlib' in project 'swift-nio-extras'
        ➜ Explicit dependency on target 'NIO' in project 'swift-nio'
        ➜ Explicit dependency on target 'NIOCore' in project 'swift-nio'
        ➜ Explicit dependency on target 'NIOHTTP1' in project 'swift-nio'
    Target 'CNIOExtrasZlib' in project 'swift-nio-extras' (no dependencies)
    Target 'NIOSSL' in project 'swift-nio-ssl'
        ➜ Explicit dependency on target 'NIOSSL' in project 'swift-nio-ssl'
        ➜ Explicit dependency on target 'swift-nio-ssl_NIOSSL' in project 'swift-nio-ssl'
        ➜ Explicit dependency on target 'CNIOBoringSSL' in project 'swift-nio-ssl'
        ➜ Explicit dependency on target 'CNIOBoringSSLShims' in project 'swift-nio-ssl'
        ➜ Explicit dependency on target 'NIO' in project 'swift-nio'
        ➜ Explicit dependency on target 'NIOCore' in project 'swift-nio'
        ➜ Explicit dependency on target 'NIOConcurrencyHelpers' in project 'swift-nio'
        ➜ Explicit dependency on target 'NIOTLS' in project 'swift-nio'
    Target 'NIOSSL' in project 'swift-nio-ssl'
        ➜ Explicit dependency on target 'swift-nio-ssl_NIOSSL' in project 'swift-nio-ssl'
        ➜ Explicit dependency on target 'CNIOBoringSSL' in project 'swift-nio-ssl'
        ➜ Explicit dependency on target 'CNIOBoringSSLShims' in project 'swift-nio-ssl'
        ➜ Explicit dependency on target 'NIO' in project 'swift-nio'
        ➜ Explicit dependency on target 'NIOCore' in project 'swift-nio'
        ➜ Explicit dependency on target 'NIOConcurrencyHelpers' in project 'swift-nio'
        ➜ Explicit dependency on target 'NIOTLS' in project 'swift-nio'
    Target 'CNIOBoringSSLShims' in project 'swift-nio-ssl'
        ➜ Explicit dependency on target 'CNIOBoringSSL' in project 'swift-nio-ssl'
    Target 'CNIOBoringSSL' in project 'swift-nio-ssl' (no dependencies)
    Target 'swift-nio-ssl_NIOSSL' in project 'swift-nio-ssl' (no dependencies)
    Target 'NIOHTTP2' in project 'swift-nio-http2'
        ➜ Explicit dependency on target 'NIOHTTP2' in project 'swift-nio-http2'
        ➜ Explicit dependency on target 'NIOHPACK' in project 'swift-nio-http2'
        ➜ Explicit dependency on target 'NIO' in project 'swift-nio'
        ➜ Explicit dependency on target 'NIOCore' in project 'swift-nio'
        ➜ Explicit dependency on target 'NIOConcurrencyHelpers' in project 'swift-nio'
        ➜ Explicit dependency on target 'NIOHTTP1' in project 'swift-nio'
        ➜ Explicit dependency on target 'NIOTLS' in project 'swift-nio'
        ➜ Explicit dependency on target 'Atomics' in project 'swift-atomics'
    Target 'NIOHTTP2' in project 'swift-nio-http2'
        ➜ Explicit dependency on target 'NIOHPACK' in project 'swift-nio-http2'
        ➜ Explicit dependency on target 'NIO' in project 'swift-nio'
        ➜ Explicit dependency on target 'NIOCore' in project 'swift-nio'
        ➜ Explicit dependency on target 'NIOConcurrencyHelpers' in project 'swift-nio'
        ➜ Explicit dependency on target 'NIOHTTP1' in project 'swift-nio'
        ➜ Explicit dependency on target 'NIOTLS' in project 'swift-nio'
        ➜ Explicit dependency on target 'Atomics' in project 'swift-atomics'
    Target 'NIOHPACK' in project 'swift-nio-http2'
        ➜ Explicit dependency on target 'NIO' in project 'swift-nio'
        ➜ Explicit dependency on target 'NIOCore' in project 'swift-nio'
        ➜ Explicit dependency on target 'NIOConcurrencyHelpers' in project 'swift-nio'
        ➜ Explicit dependency on target 'NIOHTTP1' in project 'swift-nio'
    Target 'NIOConcurrencyHelpers' in project 'swift-nio'
        ➜ Explicit dependency on target 'NIOConcurrencyHelpers' in project 'swift-nio'
        ➜ Explicit dependency on target 'CNIOAtomics' in project 'swift-nio'
    Target 'NIOHTTP1' in project 'swift-nio'
        ➜ Explicit dependency on target 'NIOHTTP1' in project 'swift-nio'
        ➜ Explicit dependency on target 'CNIOAtomics' in project 'swift-nio'
        ➜ Explicit dependency on target 'NIOConcurrencyHelpers' in project 'swift-nio'
        ➜ Explicit dependency on target '_NIOBase64' in project 'swift-nio'
        ➜ Explicit dependency on target 'CNIOOpenBSD' in project 'swift-nio'
        ➜ Explicit dependency on target 'CNIODarwin' in project 'swift-nio'
        ➜ Explicit dependency on target 'CNIOLinux' in project 'swift-nio'
        ➜ Explicit dependency on target 'CNIOWindows' in project 'swift-nio'
        ➜ Explicit dependency on target 'CNIOWASI' in project 'swift-nio'
        ➜ Explicit dependency on target '_NIODataStructures' in project 'swift-nio'
        ➜ Explicit dependency on target 'NIOCore' in project 'swift-nio'
        ➜ Explicit dependency on target 'NIOEmbedded' in project 'swift-nio'
        ➜ Explicit dependency on target 'CNIOPosix' in project 'swift-nio'
        ➜ Explicit dependency on target 'NIOPosix' in project 'swift-nio'
        ➜ Explicit dependency on target 'NIO' in project 'swift-nio'
        ➜ Explicit dependency on target 'CNIOLLHTTP' in project 'swift-nio'
        ➜ Explicit dependency on target 'DequeModule' in project 'swift-collections'
        ➜ Explicit dependency on target 'Atomics' in project 'swift-atomics'
    Target 'NIOHTTP1' in project 'swift-nio'
        ➜ Explicit dependency on target 'CNIOAtomics' in project 'swift-nio'
        ➜ Explicit dependency on target 'NIOConcurrencyHelpers' in project 'swift-nio'
        ➜ Explicit dependency on target '_NIOBase64' in project 'swift-nio'
        ➜ Explicit dependency on target 'CNIOOpenBSD' in project 'swift-nio'
        ➜ Explicit dependency on target 'CNIODarwin' in project 'swift-nio'
        ➜ Explicit dependency on target 'CNIOLinux' in project 'swift-nio'
        ➜ Explicit dependency on target 'CNIOWindows' in project 'swift-nio'
        ➜ Explicit dependency on target 'CNIOWASI' in project 'swift-nio'
        ➜ Explicit dependency on target '_NIODataStructures' in project 'swift-nio'
        ➜ Explicit dependency on target 'NIOCore' in project 'swift-nio'
        ➜ Explicit dependency on target 'NIOEmbedded' in project 'swift-nio'
        ➜ Explicit dependency on target 'CNIOPosix' in project 'swift-nio'
        ➜ Explicit dependency on target 'NIOPosix' in project 'swift-nio'
        ➜ Explicit dependency on target 'NIO' in project 'swift-nio'
        ➜ Explicit dependency on target 'CNIOLLHTTP' in project 'swift-nio'
        ➜ Explicit dependency on target 'DequeModule' in project 'swift-collections'
        ➜ Explicit dependency on target 'Atomics' in project 'swift-atomics'
    Target 'CNIOLLHTTP' in project 'swift-nio' (no dependencies)
    Target 'NIOPosix' in project 'swift-nio'
        ➜ Explicit dependency on target 'NIOPosix' in project 'swift-nio'
        ➜ Explicit dependency on target 'swift-nio_NIOPosix' in project 'swift-nio'
        ➜ Explicit dependency on target 'CNIOOpenBSD' in project 'swift-nio'
        ➜ Explicit dependency on target 'CNIOLinux' in project 'swift-nio'
        ➜ Explicit dependency on target 'CNIODarwin' in project 'swift-nio'
        ➜ Explicit dependency on target 'CNIOWindows' in project 'swift-nio'
        ➜ Explicit dependency on target 'CNIOAtomics' in project 'swift-nio'
        ➜ Explicit dependency on target 'NIOConcurrencyHelpers' in project 'swift-nio'
        ➜ Explicit dependency on target '_NIOBase64' in project 'swift-nio'
        ➜ Explicit dependency on target 'CNIOWASI' in project 'swift-nio'
        ➜ Explicit dependency on target '_NIODataStructures' in project 'swift-nio'
        ➜ Explicit dependency on target 'NIOCore' in project 'swift-nio'
        ➜ Explicit dependency on target 'CNIOPosix' in project 'swift-nio'
        ➜ Explicit dependency on target 'DequeModule' in project 'swift-collections'
        ➜ Explicit dependency on target 'Atomics' in project 'swift-atomics'
    Target 'NIOTLS' in project 'swift-nio'
        ➜ Explicit dependency on target 'NIOTLS' in project 'swift-nio'
        ➜ Explicit dependency on target 'CNIOAtomics' in project 'swift-nio'
        ➜ Explicit dependency on target 'NIOConcurrencyHelpers' in project 'swift-nio'
        ➜ Explicit dependency on target '_NIOBase64' in project 'swift-nio'
        ➜ Explicit dependency on target 'CNIOOpenBSD' in project 'swift-nio'
        ➜ Explicit dependency on target 'CNIODarwin' in project 'swift-nio'
        ➜ Explicit dependency on target 'CNIOLinux' in project 'swift-nio'
        ➜ Explicit dependency on target 'CNIOWindows' in project 'swift-nio'
        ➜ Explicit dependency on target 'CNIOWASI' in project 'swift-nio'
        ➜ Explicit dependency on target '_NIODataStructures' in project 'swift-nio'
        ➜ Explicit dependency on target 'NIOCore' in project 'swift-nio'
        ➜ Explicit dependency on target 'NIOEmbedded' in project 'swift-nio'
        ➜ Explicit dependency on target 'CNIOPosix' in project 'swift-nio'
        ➜ Explicit dependency on target 'NIOPosix' in project 'swift-nio'
        ➜ Explicit dependency on target 'NIO' in project 'swift-nio'
        ➜ Explicit dependency on target 'DequeModule' in project 'swift-collections'
        ➜ Explicit dependency on target 'Atomics' in project 'swift-atomics'
    Target 'NIOTLS' in project 'swift-nio'
        ➜ Explicit dependency on target 'CNIOAtomics' in project 'swift-nio'
        ➜ Explicit dependency on target 'NIOConcurrencyHelpers' in project 'swift-nio'
        ➜ Explicit dependency on target '_NIOBase64' in project 'swift-nio'
        ➜ Explicit dependency on target 'CNIOOpenBSD' in project 'swift-nio'
        ➜ Explicit dependency on target 'CNIODarwin' in project 'swift-nio'
        ➜ Explicit dependency on target 'CNIOLinux' in project 'swift-nio'
        ➜ Explicit dependency on target 'CNIOWindows' in project 'swift-nio'
        ➜ Explicit dependency on target 'CNIOWASI' in project 'swift-nio'
        ➜ Explicit dependency on target '_NIODataStructures' in project 'swift-nio'
        ➜ Explicit dependency on target 'NIOCore' in project 'swift-nio'
        ➜ Explicit dependency on target 'NIOEmbedded' in project 'swift-nio'
        ➜ Explicit dependency on target 'CNIOPosix' in project 'swift-nio'
        ➜ Explicit dependency on target 'NIOPosix' in project 'swift-nio'
        ➜ Explicit dependency on target 'NIO' in project 'swift-nio'
        ➜ Explicit dependency on target 'DequeModule' in project 'swift-collections'
        ➜ Explicit dependency on target 'Atomics' in project 'swift-atomics'
    Target 'NIO' in project 'swift-nio'
        ➜ Explicit dependency on target 'NIO' in project 'swift-nio'
        ➜ Explicit dependency on target 'CNIOAtomics' in project 'swift-nio'
        ➜ Explicit dependency on target 'NIOConcurrencyHelpers' in project 'swift-nio'
        ➜ Explicit dependency on target '_NIOBase64' in project 'swift-nio'
        ➜ Explicit dependency on target 'CNIOOpenBSD' in project 'swift-nio'
        ➜ Explicit dependency on target 'CNIODarwin' in project 'swift-nio'
        ➜ Explicit dependency on target 'CNIOLinux' in project 'swift-nio'
        ➜ Explicit dependency on target 'CNIOWindows' in project 'swift-nio'
        ➜ Explicit dependency on target 'CNIOWASI' in project 'swift-nio'
        ➜ Explicit dependency on target '_NIODataStructures' in project 'swift-nio'
        ➜ Explicit dependency on target 'NIOCore' in project 'swift-nio'
        ➜ Explicit dependency on target 'NIOEmbedded' in project 'swift-nio'
        ➜ Explicit dependency on target 'CNIOPosix' in project 'swift-nio'
        ➜ Explicit dependency on target 'NIOPosix' in project 'swift-nio'
        ➜ Explicit dependency on target 'DequeModule' in project 'swift-collections'
        ➜ Explicit dependency on target 'Atomics' in project 'swift-atomics'
    Target 'NIO' in project 'swift-nio'
        ➜ Explicit dependency on target 'CNIOAtomics' in project 'swift-nio'
        ➜ Explicit dependency on target 'NIOConcurrencyHelpers' in project 'swift-nio'
        ➜ Explicit dependency on target '_NIOBase64' in project 'swift-nio'
        ➜ Explicit dependency on target 'CNIOOpenBSD' in project 'swift-nio'
        ➜ Explicit dependency on target 'CNIODarwin' in project 'swift-nio'
        ➜ Explicit dependency on target 'CNIOLinux' in project 'swift-nio'
        ➜ Explicit dependency on target 'CNIOWindows' in project 'swift-nio'
        ➜ Explicit dependency on target 'CNIOWASI' in project 'swift-nio'
        ➜ Explicit dependency on target '_NIODataStructures' in project 'swift-nio'
        ➜ Explicit dependency on target 'NIOCore' in project 'swift-nio'
        ➜ Explicit dependency on target 'NIOEmbedded' in project 'swift-nio'
        ➜ Explicit dependency on target 'CNIOPosix' in project 'swift-nio'
        ➜ Explicit dependency on target 'NIOPosix' in project 'swift-nio'
        ➜ Explicit dependency on target 'DequeModule' in project 'swift-collections'
        ➜ Explicit dependency on target 'Atomics' in project 'swift-atomics'
    Target 'NIOPosix' in project 'swift-nio'
        ➜ Explicit dependency on target 'swift-nio_NIOPosix' in project 'swift-nio'
        ➜ Explicit dependency on target 'CNIOOpenBSD' in project 'swift-nio'
        ➜ Explicit dependency on target 'CNIOLinux' in project 'swift-nio'
        ➜ Explicit dependency on target 'CNIODarwin' in project 'swift-nio'
        ➜ Explicit dependency on target 'CNIOWindows' in project 'swift-nio'
        ➜ Explicit dependency on target 'CNIOAtomics' in project 'swift-nio'
        ➜ Explicit dependency on target 'NIOConcurrencyHelpers' in project 'swift-nio'
        ➜ Explicit dependency on target '_NIOBase64' in project 'swift-nio'
        ➜ Explicit dependency on target 'CNIOWASI' in project 'swift-nio'
        ➜ Explicit dependency on target '_NIODataStructures' in project 'swift-nio'
        ➜ Explicit dependency on target 'NIOCore' in project 'swift-nio'
        ➜ Explicit dependency on target 'CNIOPosix' in project 'swift-nio'
        ➜ Explicit dependency on target 'DequeModule' in project 'swift-collections'
        ➜ Explicit dependency on target 'Atomics' in project 'swift-atomics'
    Target 'swift-nio_NIOPosix' in project 'swift-nio' (no dependencies)
    Target 'CNIOPosix' in project 'swift-nio' (no dependencies)
    Target 'NIOEmbedded' in project 'swift-nio'
        ➜ Explicit dependency on target 'CNIOAtomics' in project 'swift-nio'
        ➜ Explicit dependency on target 'NIOConcurrencyHelpers' in project 'swift-nio'
        ➜ Explicit dependency on target '_NIOBase64' in project 'swift-nio'
        ➜ Explicit dependency on target 'CNIOOpenBSD' in project 'swift-nio'
        ➜ Explicit dependency on target 'CNIODarwin' in project 'swift-nio'
        ➜ Explicit dependency on target 'CNIOLinux' in project 'swift-nio'
        ➜ Explicit dependency on target 'CNIOWindows' in project 'swift-nio'
        ➜ Explicit dependency on target 'CNIOWASI' in project 'swift-nio'
        ➜ Explicit dependency on target '_NIODataStructures' in project 'swift-nio'
        ➜ Explicit dependency on target 'NIOCore' in project 'swift-nio'
        ➜ Explicit dependency on target 'DequeModule' in project 'swift-collections'
        ➜ Explicit dependency on target 'Atomics' in project 'swift-atomics'
    Target 'CAsyncHTTPClient' in project 'async-http-client' (no dependencies)
    Target 'Crypto' in project 'swift-crypto'
        ➜ Explicit dependency on target 'Crypto' in project 'swift-crypto'
        ➜ Explicit dependency on target 'swift-crypto_Crypto' in project 'swift-crypto'
    Target 'Crypto' in project 'swift-crypto'
        ➜ Explicit dependency on target 'swift-crypto_Crypto' in project 'swift-crypto'
    Target 'swift-crypto_Crypto' in project 'swift-crypto' (no dependencies)
    Target 'EventSource' in project 'EventSource'
        ➜ Explicit dependency on target 'EventSource' in project 'EventSource'
        ➜ Explicit dependency on target 'NIOCore' in project 'swift-nio'
    Target 'EventSource' in project 'EventSource'
        ➜ Explicit dependency on target 'NIOCore' in project 'swift-nio'
    Target 'NIOCore' in project 'swift-nio'
        ➜ Explicit dependency on target 'NIOCore' in project 'swift-nio'
        ➜ Explicit dependency on target 'CNIOAtomics' in project 'swift-nio'
        ➜ Explicit dependency on target 'NIOConcurrencyHelpers' in project 'swift-nio'
        ➜ Explicit dependency on target '_NIOBase64' in project 'swift-nio'
        ➜ Explicit dependency on target 'CNIOOpenBSD' in project 'swift-nio'
        ➜ Explicit dependency on target 'CNIODarwin' in project 'swift-nio'
        ➜ Explicit dependency on target 'CNIOLinux' in project 'swift-nio'
        ➜ Explicit dependency on target 'CNIOWindows' in project 'swift-nio'
        ➜ Explicit dependency on target 'CNIOWASI' in project 'swift-nio'
        ➜ Explicit dependency on target '_NIODataStructures' in project 'swift-nio'
        ➜ Explicit dependency on target 'DequeModule' in project 'swift-collections'
        ➜ Explicit dependency on target 'Atomics' in project 'swift-atomics'
    Target 'NIOCore' in project 'swift-nio'
        ➜ Explicit dependency on target 'CNIOAtomics' in project 'swift-nio'
        ➜ Explicit dependency on target 'NIOConcurrencyHelpers' in project 'swift-nio'
        ➜ Explicit dependency on target '_NIOBase64' in project 'swift-nio'
        ➜ Explicit dependency on target 'CNIOOpenBSD' in project 'swift-nio'
        ➜ Explicit dependency on target 'CNIODarwin' in project 'swift-nio'
        ➜ Explicit dependency on target 'CNIOLinux' in project 'swift-nio'
        ➜ Explicit dependency on target 'CNIOWindows' in project 'swift-nio'
        ➜ Explicit dependency on target 'CNIOWASI' in project 'swift-nio'
        ➜ Explicit dependency on target '_NIODataStructures' in project 'swift-nio'
        ➜ Explicit dependency on target 'DequeModule' in project 'swift-collections'
        ➜ Explicit dependency on target 'Atomics' in project 'swift-atomics'
    Target 'Atomics' in project 'swift-atomics'
        ➜ Explicit dependency on target 'Atomics' in project 'swift-atomics'
        ➜ Explicit dependency on target '_AtomicsShims' in project 'swift-atomics'
    Target 'Atomics' in project 'swift-atomics'
        ➜ Explicit dependency on target '_AtomicsShims' in project 'swift-atomics'
    Target '_AtomicsShims' in project 'swift-atomics' (no dependencies)
    Target 'DequeModule' in project 'swift-collections'
        ➜ Explicit dependency on target 'DequeModule' in project 'swift-collections'
        ➜ Explicit dependency on target 'InternalCollectionsUtilities' in project 'swift-collections'
        ➜ Explicit dependency on target 'ContainersPreview' in project 'swift-collections'
    Target 'DequeModule' in project 'swift-collections'
        ➜ Explicit dependency on target 'InternalCollectionsUtilities' in project 'swift-collections'
        ➜ Explicit dependency on target 'ContainersPreview' in project 'swift-collections'
    Target 'ContainersPreview' in project 'swift-collections'
        ➜ Explicit dependency on target 'InternalCollectionsUtilities' in project 'swift-collections'
    Target '_NIODataStructures' in project 'swift-nio' (no dependencies)
    Target 'CNIOWASI' in project 'swift-nio' (no dependencies)
    Target 'CNIOWindows' in project 'swift-nio' (no dependencies)
    Target 'CNIOLinux' in project 'swift-nio' (no dependencies)
    Target 'CNIODarwin' in project 'swift-nio' (no dependencies)
    Target 'CNIOOpenBSD' in project 'swift-nio' (no dependencies)
    Target '_NIOBase64' in project 'swift-nio' (no dependencies)
    Target 'NIOConcurrencyHelpers' in project 'swift-nio'
        ➜ Explicit dependency on target 'CNIOAtomics' in project 'swift-nio'
    Target 'CNIOAtomics' in project 'swift-nio' (no dependencies)
    Target 'Jinja' in project 'Jinja'
        ➜ Explicit dependency on target 'Jinja' in project 'Jinja'
        ➜ Explicit dependency on target 'OrderedCollections' in project 'swift-collections'
    Target 'Jinja' in project 'Jinja'
        ➜ Explicit dependency on target 'OrderedCollections' in project 'swift-collections'
    Target 'OrderedCollections' in project 'swift-collections'
        ➜ Explicit dependency on target 'OrderedCollections' in project 'swift-collections'
        ➜ Explicit dependency on target 'InternalCollectionsUtilities' in project 'swift-collections'
    Target 'OrderedCollections' in project 'swift-collections'
        ➜ Explicit dependency on target 'InternalCollectionsUtilities' in project 'swift-collections'
    Target 'InternalCollectionsUtilities' in project 'swift-collections' (no dependencies)
    Target 'swift-transformers_Hub' in project 'swift-transformers' (no dependencies)

GatherProvisioningInputs

CreateBuildDescription

ExecuteExternalTool /Applications/Xcode.app/Contents/Developer/Toolchains/XcodeDefault.xctoolchain/usr/bin/swiftc --version

ExecuteExternalTool /Applications/Xcode.app/Contents/Developer/Toolchains/XcodeDefault.xctoolchain/usr/bin/clang -v -E -dM -arch arm64 -isysroot /Applications/Xcode.app/Contents/Developer/Platforms/MacOSX.platform/Developer/SDKs/MacOSX26.2.sdk -x c -c /dev/null

ExecuteExternalTool /Applications/Xcode.app/Contents/Developer/Toolchains/XcodeDefault.xctoolchain/usr/bin/clang -v -E -dM -isysroot /Applications/Xcode.app/Contents/Developer/Platforms/MacOSX.platform/Developer/SDKs/MacOSX26.2.sdk -x c -c /dev/null

ExecuteExternalTool /Applications/Xcode.app/Contents/Developer/Toolchains/XcodeDefault.xctoolchain/usr/bin/clang -v -E -dM -arch arm64 -isysroot /Applications/Xcode.app/Contents/Developer/Platforms/MacOSX.platform/Developer/SDKs/MacOSX26.2.sdk -x c++ -c /dev/null

ExecuteExternalTool /Applications/Xcode.app/Contents/Developer/Toolchains/XcodeDefault.xctoolchain/usr/bin/clang -v -E -dM -arch arm64 -isysroot /Applications/Xcode.app/Contents/Developer/Platforms/MacOSX.platform/Developer/SDKs/MacOSX26.2.sdk -x objective-c -c /dev/null

ExecuteExternalTool /Applications/Xcode.app/Contents/Developer/Toolchains/XcodeDefault.xctoolchain/usr/bin/ld -version_details

ExecuteExternalTool /Applications/Xcode.app/Contents/Developer/usr/bin/actool --version --output-format xml1

ReadFileContents /Applications/Xcode.app/Contents/Developer/Toolchains/XcodeDefault.xctoolchain/usr/share/docc/features.json

ExecuteExternalTool /Applications/Xcode.app/Contents/Developer/Toolchains/XcodeDefault.xctoolchain/usr/bin/clang -v -E -dM -arch arm64 -isysroot /Applications/Xcode.app/Contents/Developer/Platforms/MacOSX.platform/Developer/SDKs/MacOSX26.2.sdk -x assembler-with-cpp -c /dev/null

ExecuteExternalTool /Applications/Xcode.app/Contents/Developer/Toolchains/XcodeDefault.xctoolchain/usr/bin/clang -v -E -dM -arch arm64 -isysroot /Applications/Xcode.app/Contents/Developer/Platforms/MacOSX.platform/Developer/SDKs/MacOSX26.2.sdk -x objective-c++ -c /dev/null

Build description signature: 2dbb30ff303d2695172891ec884cb23e
Build description path: /Users/yuhang.ang/Library/Developer/Xcode/DerivedData/Chitchat-dsdwfckxxhakuscbfmbnzdadgvwg/Build/Intermediates.noindex/XCBuildData/2dbb30ff303d2695172891ec884cb23e.xcbuilddata
ClangStatCache /Applications/Xcode.app/Contents/Developer/Toolchains/XcodeDefault.xctoolchain/usr/bin/clang-stat-cache /Applications/Xcode.app/Contents/Developer/Platforms/MacOSX.platform/Developer/SDKs/MacOSX26.2.sdk /Users/yuhang.ang/Library/Developer/Xcode/DerivedData/SDKStatCaches.noindex/macosx26.2-25C57-dc75598d0054f22ec865fa860f139d7200fa09913b459cbbc988d1f6730289ae.sdkstatcache
    cd /Users/yuhang.ang/Desktop/Projects/model/Chitchat/Chitchat.xcodeproj
    /Applications/Xcode.app/Contents/Developer/Toolchains/XcodeDefault.xctoolchain/usr/bin/clang-stat-cache /Applications/Xcode.app/Contents/Developer/Platforms/MacOSX.platform/Developer/SDKs/MacOSX26.2.sdk -o /Users/yuhang.ang/Library/Developer/Xcode/DerivedData/SDKStatCaches.noindex/macosx26.2-25C57-dc75598d0054f22ec865fa860f139d7200fa09913b459cbbc988d1f6730289ae.sdkstatcache

ProcessInfoPlistFile /Users/yuhang.ang/Library/Developer/Xcode/DerivedData/Chitchat-dsdwfckxxhakuscbfmbnzdadgvwg/Build/Products/Debug/swift-transformers_Hub.bundle/Contents/Info.plist /Users/yuhang.ang/Library/Developer/Xcode/DerivedData/Chitchat-dsdwfckxxhakuscbfmbnzdadgvwg/Build/Intermediates.noindex/swift-transformers.build/Debug/swift-transformers_Hub.build/empty-swift-transformers_Hub.plist (in target 'swift-transformers_Hub' from project 'swift-transformers')
    cd /Users/yuhang.ang/Library/Developer/Xcode/DerivedData/Chitchat-dsdwfckxxhakuscbfmbnzdadgvwg/SourcePackages/checkouts/swift-transformers
    builtin-infoPlistUtility /Users/yuhang.ang/Library/Developer/Xcode/DerivedData/Chitchat-dsdwfckxxhakuscbfmbnzdadgvwg/Build/Intermediates.noindex/swift-transformers.build/Debug/swift-transformers_Hub.build/empty-swift-transformers_Hub.plist -producttype com.apple.product-type.bundle -expandbuildsettings -platform macosx -o /Users/yuhang.ang/Library/Developer/Xcode/DerivedData/Chitchat-dsdwfckxxhakuscbfmbnzdadgvwg/Build/Products/Debug/swift-transformers_Hub.bundle/Contents/Info.plist

ProcessInfoPlistFile /Users/yuhang.ang/Library/Developer/Xcode/DerivedData/Chitchat-dsdwfckxxhakuscbfmbnzdadgvwg/Build/Products/Debug/swift-nio_NIOPosix.bundle/Contents/Info.plist /Users/yuhang.ang/Library/Developer/Xcode/DerivedData/Chitchat-dsdwfckxxhakuscbfmbnzdadgvwg/Build/Intermediates.noindex/swift-nio.build/Debug/swift-nio_NIOPosix.build/empty-swift-nio_NIOPosix.plist (in target 'swift-nio_NIOPosix' from project 'swift-nio')
    cd /Users/yuhang.ang/Library/Developer/Xcode/DerivedData/Chitchat-dsdwfckxxhakuscbfmbnzdadgvwg/SourcePackages/checkouts/swift-nio
    builtin-infoPlistUtility /Users/yuhang.ang/Library/Developer/Xcode/DerivedData/Chitchat-dsdwfckxxhakuscbfmbnzdadgvwg/Build/Intermediates.noindex/swift-nio.build/Debug/swift-nio_NIOPosix.build/empty-swift-nio_NIOPosix.plist -producttype com.apple.product-type.bundle -expandbuildsettings -platform macosx -o /Users/yuhang.ang/Library/Developer/Xcode/DerivedData/Chitchat-dsdwfckxxhakuscbfmbnzdadgvwg/Build/Products/Debug/swift-nio_NIOPosix.bundle/Contents/Info.plist

ProcessInfoPlistFile /Users/yuhang.ang/Library/Developer/Xcode/DerivedData/Chitchat-dsdwfckxxhakuscbfmbnzdadgvwg/Build/Products/Debug/swift-crypto_Crypto.bundle/Contents/Info.plist /Users/yuhang.ang/Library/Developer/Xcode/DerivedData/Chitchat-dsdwfckxxhakuscbfmbnzdadgvwg/Build/Intermediates.noindex/swift-crypto.build/Debug/swift-crypto_Crypto.build/empty-swift-crypto_Crypto.plist (in target 'swift-crypto_Crypto' from project 'swift-crypto')
    cd /Users/yuhang.ang/Library/Developer/Xcode/DerivedData/Chitchat-dsdwfckxxhakuscbfmbnzdadgvwg/SourcePackages/checkouts/swift-crypto
    builtin-infoPlistUtility /Users/yuhang.ang/Library/Developer/Xcode/DerivedData/Chitchat-dsdwfckxxhakuscbfmbnzdadgvwg/Build/Intermediates.noindex/swift-crypto.build/Debug/swift-crypto_Crypto.build/empty-swift-crypto_Crypto.plist -producttype com.apple.product-type.bundle -expandbuildsettings -platform macosx -o /Users/yuhang.ang/Library/Developer/Xcode/DerivedData/Chitchat-dsdwfckxxhakuscbfmbnzdadgvwg/Build/Products/Debug/swift-crypto_Crypto.bundle/Contents/Info.plist

ProcessInfoPlistFile /Users/yuhang.ang/Library/Developer/Xcode/DerivedData/Chitchat-dsdwfckxxhakuscbfmbnzdadgvwg/Build/Products/Debug/swift-nio-ssl_NIOSSL.bundle/Contents/Info.plist /Users/yuhang.ang/Library/Developer/Xcode/DerivedData/Chitchat-dsdwfckxxhakuscbfmbnzdadgvwg/Build/Intermediates.noindex/swift-nio-ssl.build/Debug/swift-nio-ssl_NIOSSL.build/empty-swift-nio-ssl_NIOSSL.plist (in target 'swift-nio-ssl_NIOSSL' from project 'swift-nio-ssl')
    cd /Users/yuhang.ang/Library/Developer/Xcode/DerivedData/Chitchat-dsdwfckxxhakuscbfmbnzdadgvwg/SourcePackages/checkouts/swift-nio-ssl
    builtin-infoPlistUtility /Users/yuhang.ang/Library/Developer/Xcode/DerivedData/Chitchat-dsdwfckxxhakuscbfmbnzdadgvwg/Build/Intermediates.noindex/swift-nio-ssl.build/Debug/swift-nio-ssl_NIOSSL.build/empty-swift-nio-ssl_NIOSSL.plist -producttype com.apple.product-type.bundle -expandbuildsettings -platform macosx -o /Users/yuhang.ang/Library/Developer/Xcode/DerivedData/Chitchat-dsdwfckxxhakuscbfmbnzdadgvwg/Build/Products/Debug/swift-nio-ssl_NIOSSL.bundle/Contents/Info.plist

ProcessInfoPlistFile /Users/yuhang.ang/Library/Developer/Xcode/DerivedData/Chitchat-dsdwfckxxhakuscbfmbnzdadgvwg/Build/Products/Debug/mlx-swift_Cmlx.bundle/Contents/Info.plist /Users/yuhang.ang/Library/Developer/Xcode/DerivedData/Chitchat-dsdwfckxxhakuscbfmbnzdadgvwg/Build/Intermediates.noindex/mlx-swift.build/Debug/mlx-swift_Cmlx.build/empty-mlx-swift_Cmlx.plist (in target 'mlx-swift_Cmlx' from project 'mlx-swift')
    cd /Users/yuhang.ang/Library/Developer/Xcode/DerivedData/Chitchat-dsdwfckxxhakuscbfmbnzdadgvwg/SourcePackages/checkouts/mlx-swift
    builtin-infoPlistUtility /Users/yuhang.ang/Library/Developer/Xcode/DerivedData/Chitchat-dsdwfckxxhakuscbfmbnzdadgvwg/Build/Intermediates.noindex/mlx-swift.build/Debug/mlx-swift_Cmlx.build/empty-mlx-swift_Cmlx.plist -producttype com.apple.product-type.bundle -expandbuildsettings -platform macosx -o /Users/yuhang.ang/Library/Developer/Xcode/DerivedData/Chitchat-dsdwfckxxhakuscbfmbnzdadgvwg/Build/Products/Debug/mlx-swift_Cmlx.bundle/Contents/Info.plist

ProcessInfoPlistFile /Users/yuhang.ang/Library/Developer/Xcode/DerivedData/Chitchat-dsdwfckxxhakuscbfmbnzdadgvwg/Build/Products/Debug/GRDB_GRDB.bundle/Contents/Info.plist /Users/yuhang.ang/Library/Developer/Xcode/DerivedData/Chitchat-dsdwfckxxhakuscbfmbnzdadgvwg/Build/Intermediates.noindex/GRDB.build/Debug/GRDB_GRDB.build/empty-GRDB_GRDB.plist (in target 'GRDB_GRDB' from project 'GRDB')
    cd /Users/yuhang.ang/Library/Developer/Xcode/DerivedData/Chitchat-dsdwfckxxhakuscbfmbnzdadgvwg/SourcePackages/checkouts/GRDB.swift
    builtin-infoPlistUtility /Users/yuhang.ang/Library/Developer/Xcode/DerivedData/Chitchat-dsdwfckxxhakuscbfmbnzdadgvwg/Build/Intermediates.noindex/GRDB.build/Debug/GRDB_GRDB.build/empty-GRDB_GRDB.plist -producttype com.apple.product-type.bundle -expandbuildsettings -platform macosx -o /Users/yuhang.ang/Library/Developer/Xcode/DerivedData/Chitchat-dsdwfckxxhakuscbfmbnzdadgvwg/Build/Products/Debug/GRDB_GRDB.bundle/Contents/Info.plist

SwiftDriver Chitchat normal arm64 com.apple.xcode.tools.swift.compiler (in target 'Chitchat' from project 'Chitchat')
    cd /Users/yuhang.ang/Desktop/Projects/model/Chitchat
    builtin-SwiftDriver -- /Applications/Xcode.app/Contents/Developer/Toolchains/XcodeDefault.xctoolchain/usr/bin/swiftc -module-name Chitchat -Onone -enforce-exclusivity\=checked @/Users/yuhang.ang/Library/Developer/Xcode/DerivedData/Chitchat-dsdwfckxxhakuscbfmbnzdadgvwg/Build/Intermediates.noindex/Chitchat.build/Debug/Chitchat.build/Objects-normal/arm64/Chitchat.SwiftFileList -DDEBUG -Xcc -fmodule-map-file\=/Users/yuhang.ang/Library/Developer/Xcode/DerivedData/Chitchat-dsdwfckxxhakuscbfmbnzdadgvwg/Build/Intermediates.noindex/GeneratedModuleMaps/CNIOBoringSSLShims.modulemap -Xcc -fmodule-map-file\=/Users/yuhang.ang/Library/Developer/Xcode/DerivedData/Chitchat-dsdwfckxxhakuscbfmbnzdadgvwg/Build/Intermediates.noindex/GeneratedModuleMaps/CNIOExtrasZlib.modulemap -Xcc -fmodule-map-file\=/Users/yuhang.ang/Library/Developer/Xcode/DerivedData/Chitchat-dsdwfckxxhakuscbfmbnzdadgvwg/Build/Intermediates.noindex/GeneratedModuleMaps/CAsyncHTTPClient.modulemap -Xcc -fmodule-map-file\=/Users/yuhang.ang/Library/Developer/Xcode/DerivedData/Chitchat-dsdwfckxxhakuscbfmbnzdadgvwg/Build/Intermediates.noindex/GeneratedModuleMaps/CNIOLLHTTP.modulemap -Xcc -fmodule-map-file\=/Users/yuhang.ang/Library/Developer/Xcode/DerivedData/Chitchat-dsdwfckxxhakuscbfmbnzdadgvwg/Build/Intermediates.noindex/GeneratedModuleMaps/CNIOPosix.modulemap -Xcc -fmodule-map-file\=/Users/yuhang.ang/Library/Developer/Xcode/DerivedData/Chitchat-dsdwfckxxhakuscbfmbnzdadgvwg/Build/Intermediates.noindex/GeneratedModuleMaps/CNIOWASI.modulemap -Xcc -fmodule-map-file\=/Users/yuhang.ang/Library/Developer/Xcode/DerivedData/Chitchat-dsdwfckxxhakuscbfmbnzdadgvwg/Build/Intermediates.noindex/GeneratedModuleMaps/CNIOLinux.modulemap -Xcc -fmodule-map-file\=/Users/yuhang.ang/Library/Developer/Xcode/DerivedData/Chitchat-dsdwfckxxhakuscbfmbnzdadgvwg/Build/Intermediates.noindex/GeneratedModuleMaps/CNIODarwin.modulemap -Xcc -fmodule-map-file\=/Users/yuhang.ang/Library/Developer/Xcode/DerivedData/Chitchat-dsdwfckxxhakuscbfmbnzdadgvwg/Build/Intermediates.noindex/GeneratedModuleMaps/CNIOOpenBSD.modulemap -Xcc -fmodule-map-file\=/Users/yuhang.ang/Library/Developer/Xcode/DerivedData/Chitchat-dsdwfckxxhakuscbfmbnzdadgvwg/Build/Intermediates.noindex/GeneratedModuleMaps/CNIOAtomics.modulemap -Xcc -fmodule-map-file\=/Users/yuhang.ang/Library/Developer/Xcode/DerivedData/Chitchat-dsdwfckxxhakuscbfmbnzdadgvwg/Build/Intermediates.noindex/GeneratedModuleMaps/yyjson.modulemap -Xcc -fmodule-map-file\=/Users/yuhang.ang/Library/Developer/Xcode/DerivedData/Chitchat-dsdwfckxxhakuscbfmbnzdadgvwg/SourcePackages/checkouts/GRDB.swift/Sources/GRDBSQLite/module.modulemap -default-isolation\=MainActor -enable-bare-slash-regex -enable-upcoming-feature DisableOutwardActorInference -enable-upcoming-feature InferSendableFromCaptures -enable-upcoming-feature GlobalActorIsolatedTypesUsability -enable-upcoming-feature MemberImportVisibility -enable-upcoming-feature InferIsolatedConformances -enable-upcoming-feature NonisolatedNonsendingByDefault -enable-experimental-feature DebugDescriptionMacro -sdk /Applications/Xcode.app/Contents/Developer/Platforms/MacOSX.platform/Developer/SDKs/MacOSX26.2.sdk -target arm64-apple-macos15.7 -g -module-cache-path /Users/yuhang.ang/Library/Developer/Xcode/DerivedData/ModuleCache.noindex -Xfrontend -serialize-debugging-options -enable-testing -index-store-path /Users/yuhang.ang/Library/Developer/Xcode/DerivedData/Chitchat-dsdwfckxxhakuscbfmbnzdadgvwg/Index.noindex/DataStore -Xcc -D_LIBCPP_HARDENING_MODE\=_LIBCPP_HARDENING_MODE_DEBUG -swift-version 5 -I /Users/yuhang.ang/Library/Developer/Xcode/DerivedData/Chitchat-dsdwfckxxhakuscbfmbnzdadgvwg/Build/Products/Debug -F /Users/yuhang.ang/Library/Developer/Xcode/DerivedData/Chitchat-dsdwfckxxhakuscbfmbnzdadgvwg/Build/Products/Debug/PackageFrameworks -F /Users/yuhang.ang/Library/Developer/Xcode/DerivedData/Chitchat-dsdwfckxxhakuscbfmbnzdadgvwg/Build/Products/Debug/PackageFrameworks -F /Users/yuhang.ang/Library/Developer/Xcode/DerivedData/Chitchat-dsdwfckxxhakuscbfmbnzdadgvwg/Build/Products/Debug/PackageFrameworks -F /Users/yuhang.ang/Library/Developer/Xcode/DerivedData/Chitchat-dsdwfckxxhakuscbfmbnzdadgvwg/Build/Products/Debug/PackageFrameworks -F /Users/yuhang.ang/Library/Developer/Xcode/DerivedData/Chitchat-dsdwfckxxhakuscbfmbnzdadgvwg/Build/Products/Debug/PackageFrameworks -F /Users/yuhang.ang/Library/Developer/Xcode/DerivedData/Chitchat-dsdwfckxxhakuscbfmbnzdadgvwg/Build/Products/Debug/PackageFrameworks -F /Users/yuhang.ang/Library/Developer/Xcode/DerivedData/Chitchat-dsdwfckxxhakuscbfmbnzdadgvwg/Build/Products/Debug/PackageFrameworks -F /Users/yuhang.ang/Library/Developer/Xcode/DerivedData/Chitchat-dsdwfckxxhakuscbfmbnzdadgvwg/Build/Products/Debug/PackageFrameworks -F /Users/yuhang.ang/Library/Developer/Xcode/DerivedData/Chitchat-dsdwfckxxhakuscbfmbnzdadgvwg/Build/Products/Debug/PackageFrameworks -F /Users/yuhang.ang/Library/Developer/Xcode/DerivedData/Chitchat-dsdwfckxxhakuscbfmbnzdadgvwg/Build/Products/Debug/PackageFrameworks -F /Users/yuhang.ang/Library/Developer/Xcode/DerivedData/Chitchat-dsdwfckxxhakuscbfmbnzdadgvwg/Build/Products/Debug/PackageFrameworks -F /Users/yuhang.ang/Library/Developer/Xcode/DerivedData/Chitchat-dsdwfckxxhakuscbfmbnzdadgvwg/Build/Products/Debug/PackageFrameworks -F /Users/yuhang.ang/Library/Developer/Xcode/DerivedData/Chitchat-dsdwfckxxhakuscbfmbnzdadgvwg/Build/Products/Debug/PackageFrameworks -F /Users/yuhang.ang/Library/Developer/Xcode/DerivedData/Chitchat-dsdwfckxxhakuscbfmbnzdadgvwg/Build/Products/Debug/PackageFrameworks -F /Users/yuhang.ang/Library/Developer/Xcode/DerivedData/Chitchat-dsdwfckxxhakuscbfmbnzdadgvwg/Build/Products/Debug/PackageFrameworks -F /Users/yuhang.ang/Library/Developer/Xcode/DerivedData/Chitchat-dsdwfckxxhakuscbfmbnzdadgvwg/Build/Products/Debug/PackageFrameworks -F /Users/yuhang.ang/Library/Developer/Xcode/DerivedData/Chitchat-dsdwfckxxhakuscbfmbnzdadgvwg/Build/Products/Debug/PackageFrameworks -F /Users/yuhang.ang/Library/Developer/Xcode/DerivedData/Chitchat-dsdwfckxxhakuscbfmbnzdadgvwg/Build/Products/Debug/PackageFrameworks -F /Users/yuhang.ang/Library/Developer/Xcode/DerivedData/Chitchat-dsdwfckxxhakuscbfmbnzdadgvwg/Build/Products/Debug/PackageFrameworks -F /Users/yuhang.ang/Library/Developer/Xcode/DerivedData/Chitchat-dsdwfckxxhakuscbfmbnzdadgvwg/Build/Products/Debug/PackageFrameworks -F /Users/yuhang.ang/Library/Developer/Xcode/DerivedData/Chitchat-dsdwfckxxhakuscbfmbnzdadgvwg/Build/Products/Debug/PackageFrameworks -F /Users/yuhang.ang/Library/Developer/Xcode/DerivedData/Chitchat-dsdwfckxxhakuscbfmbnzdadgvwg/Build/Products/Debug/PackageFrameworks -F /Users/yuhang.ang/Library/Developer/Xcode/DerivedData/Chitchat-dsdwfckxxhakuscbfmbnzdadgvwg/Build/Products/Debug/PackageFrameworks -F /Users/yuhang.ang/Library/Developer/Xcode/DerivedData/Chitchat-dsdwfckxxhakuscbfmbnzdadgvwg/Build/Products/Debug/PackageFrameworks -F /Users/yuhang.ang/Library/Developer/Xcode/DerivedData/Chitchat-dsdwfckxxhakuscbfmbnzdadgvwg/Build/Products/Debug/PackageFrameworks -F /Users/yuhang.ang/Library/Developer/Xcode/DerivedData/Chitchat-dsdwfckxxhakuscbfmbnzdadgvwg/Build/Products/Debug/PackageFrameworks -F /Users/yuhang.ang/Library/Developer/Xcode/DerivedData/Chitchat-dsdwfckxxhakuscbfmbnzdadgvwg/Build/Products/Debug/PackageFrameworks -F /Users/yuhang.ang/Library/Developer/Xcode/DerivedData/Chitchat-dsdwfckxxhakuscbfmbnzdadgvwg/Build/Products/Debug/PackageFrameworks -F /Users/yuhang.ang/Library/Developer/Xcode/DerivedData/Chitchat-dsdwfckxxhakuscbfmbnzdadgvwg/Build/Products/Debug/PackageFrameworks -F /Users/yuhang.ang/Library/Developer/Xcode/DerivedData/Chitchat-dsdwfckxxhakuscbfmbnzdadgvwg/Build/Products/Debug/PackageFrameworks -F /Users/yuhang.ang/Library/Developer/Xcode/DerivedData/Chitchat-dsdwfckxxhakuscbfmbnzdadgvwg/Build/Products/Debug/PackageFrameworks -F /Users/yuhang.ang/Library/Developer/Xcode/DerivedData/Chitchat-dsdwfckxxhakuscbfmbnzdadgvwg/Build/Products/Debug/PackageFrameworks -F /Users/yuhang.ang/Library/Developer/Xcode/DerivedData/Chitchat-dsdwfckxxhakuscbfmbnzdadgvwg/Build/Products/Debug/PackageFrameworks -F /Users/yuhang.ang/Library/Developer/Xcode/DerivedData/Chitchat-dsdwfckxxhakuscbfmbnzdadgvwg/Build/Products/Debug/PackageFrameworks -F /Users/yuhang.ang/Library/Developer/Xcode/DerivedData/Chitchat-dsdwfckxxhakuscbfmbnzdadgvwg/Build/Products/Debug/PackageFrameworks -F /Users/yuhang.ang/Library/Developer/Xcode/DerivedData/Chitchat-dsdwfckxxhakuscbfmbnzdadgvwg/Build/Products/Debug/PackageFrameworks -F /Users/yuhang.ang/Library/Developer/Xcode/DerivedData/Chitchat-dsdwfckxxhakuscbfmbnzdadgvwg/Build/Products/Debug/PackageFrameworks -F /Users/yuhang.ang/Library/Developer/Xcode/DerivedData/Chitchat-dsdwfckxxhakuscbfmbnzdadgvwg/Build/Products/Debug/PackageFrameworks -F /Users/yuhang.ang/Library/Developer/Xcode/DerivedData/Chitchat-dsdwfckxxhakuscbfmbnzdadgvwg/Build/Products/Debug/PackageFrameworks -F /Users/yuhang.ang/Library/Developer/Xcode/DerivedData/Chitchat-dsdwfckxxhakuscbfmbnzdadgvwg/Build/Products/Debug/PackageFrameworks -F /Users/yuhang.ang/Library/Developer/Xcode/DerivedData/Chitchat-dsdwfckxxhakuscbfmbnzdadgvwg/Build/Products/Debug/PackageFrameworks -F /Users/yuhang.ang/Library/Developer/Xcode/DerivedData/Chitchat-dsdwfckxxhakuscbfmbnzdadgvwg/Build/Products/Debug/PackageFrameworks -F /Users/yuhang.ang/Library/Developer/Xcode/DerivedData/Chitchat-dsdwfckxxhakuscbfmbnzdadgvwg/Build/Products/Debug/PackageFrameworks -F /Users/yuhang.ang/Library/Developer/Xcode/DerivedData/Chitchat-dsdwfckxxhakuscbfmbnzdadgvwg/Build/Products/Debug/PackageFrameworks -F /Users/yuhang.ang/Library/Developer/Xcode/DerivedData/Chitchat-dsdwfckxxhakuscbfmbnzdadgvwg/Build/Products/Debug/PackageFrameworks -F /Users/yuhang.ang/Library/Developer/Xcode/DerivedData/Chitchat-dsdwfckxxhakuscbfmbnzdadgvwg/Build/Products/Debug/PackageFrameworks -F /Users/yuhang.ang/Library/Developer/Xcode/DerivedData/Chitchat-dsdwfckxxhakuscbfmbnzdadgvwg/Build/Products/Debug/PackageFrameworks -F /Users/yuhang.ang/Library/Developer/Xcode/DerivedData/Chitchat-dsdwfckxxhakuscbfmbnzdadgvwg/Build/Products/Debug/PackageFrameworks -F /Users/yuhang.ang/Library/Developer/Xcode/DerivedData/Chitchat-dsdwfckxxhakuscbfmbnzdadgvwg/Build/Products/Debug/PackageFrameworks -F /Users/yuhang.ang/Library/Developer/Xcode/DerivedData/Chitchat-dsdwfckxxhakuscbfmbnzdadgvwg/Build/Products/Debug/PackageFrameworks -F /Users/yuhang.ang/Library/Developer/Xcode/DerivedData/Chitchat-dsdwfckxxhakuscbfmbnzdadgvwg/Build/Products/Debug/PackageFrameworks -F /Users/yuhang.ang/Library/Developer/Xcode/DerivedData/Chitchat-dsdwfckxxhakuscbfmbnzdadgvwg/Build/Products/Debug/PackageFrameworks -F /Users/yuhang.ang/Library/Developer/Xcode/DerivedData/Chitchat-dsdwfckxxhakuscbfmbnzdadgvwg/Build/Products/Debug/PackageFrameworks -F /Users/yuhang.ang/Library/Developer/Xcode/DerivedData/Chitchat-dsdwfckxxhakuscbfmbnzdadgvwg/Build/Products/Debug/PackageFrameworks -F /Users/yuhang.ang/Library/Developer/Xcode/DerivedData/Chitchat-dsdwfckxxhakuscbfmbnzdadgvwg/Build/Products/Debug/PackageFrameworks -F /Users/yuhang.ang/Library/Developer/Xcode/DerivedData/Chitchat-dsdwfckxxhakuscbfmbnzdadgvwg/Build/Products/Debug/PackageFrameworks -F /Users/yuhang.ang/Library/Developer/Xcode/DerivedData/Chitchat-dsdwfckxxhakuscbfmbnzdadgvwg/Build/Products/Debug/PackageFrameworks -F /Users/yuhang.ang/Library/Developer/Xcode/DerivedData/Chitchat-dsdwfckxxhakuscbfmbnzdadgvwg/Build/Products/Debug/PackageFrameworks -F /Users/yuhang.ang/Library/Developer/Xcode/DerivedData/Chitchat-dsdwfckxxhakuscbfmbnzdadgvwg/Build/Products/Debug/PackageFrameworks -F /Users/yuhang.ang/Library/Developer/Xcode/DerivedData/Chitchat-dsdwfckxxhakuscbfmbnzdadgvwg/Build/Products/Debug/PackageFrameworks -F /Users/yuhang.ang/Library/Developer/Xcode/DerivedData/Chitchat-dsdwfckxxhakuscbfmbnzdadgvwg/Build/Products/Debug/PackageFrameworks -F /Users/yuhang.ang/Library/Developer/Xcode/DerivedData/Chitchat-dsdwfckxxhakuscbfmbnzdadgvwg/Build/Products/Debug/PackageFrameworks -F /Users/yuhang.ang/Library/Developer/Xcode/DerivedData/Chitchat-dsdwfckxxhakuscbfmbnzdadgvwg/Build/Products/Debug/PackageFrameworks -F /Users/yuhang.ang/Library/Developer/Xcode/DerivedData/Chitchat-dsdwfckxxhakuscbfmbnzdadgvwg/Build/Products/Debug/PackageFrameworks -F /Users/yuhang.ang/Library/Developer/Xcode/DerivedData/Chitchat-dsdwfckxxhakuscbfmbnzdadgvwg/Build/Products/Debug/PackageFrameworks -F /Users/yuhang.ang/Library/Developer/Xcode/DerivedData/Chitchat-dsdwfckxxhakuscbfmbnzdadgvwg/Build/Products/Debug/PackageFrameworks -F /Users/yuhang.ang/Library/Developer/Xcode/DerivedData/Chitchat-dsdwfckxxhakuscbfmbnzdadgvwg/Build/Products/Debug -emit-localized-strings -emit-localized-strings-path /Users/yuhang.ang/Library/Developer/Xcode/DerivedData/Chitchat-dsdwfckxxhakuscbfmbnzdadgvwg/Build/Intermediates.noindex/Chitchat.build/Debug/Chitchat.build/Objects-normal/arm64 -c -j8 -enable-batch-mode -incremental -Xcc -ivfsstatcache -Xcc /Users/yuhang.ang/Library/Developer/Xcode/DerivedData/SDKStatCaches.noindex/macosx26.2-25C57-dc75598d0054f22ec865fa860f139d7200fa09913b459cbbc988d1f6730289ae.sdkstatcache -output-file-map /Users/yuhang.ang/Library/Developer/Xcode/DerivedData/Chitchat-dsdwfckxxhakuscbfmbnzdadgvwg/Build/Intermediates.noindex/Chitchat.build/Debug/Chitchat.build/Objects-normal/arm64/Chitchat-OutputFileMap.json -use-frontend-parseable-output -save-temps -no-color-diagnostics -explicit-module-build -module-cache-path /Users/yuhang.ang/Library/Developer/Xcode/DerivedData/Chitchat-dsdwfckxxhakuscbfmbnzdadgvwg/Build/Intermediates.noindex/SwiftExplicitPrecompiledModules -clang-scanner-module-cache-path /Users/yuhang.ang/Library/Developer/Xcode/DerivedData/ModuleCache.noindex -sdk-module-cache-path /Users/yuhang.ang/Library/Developer/Xcode/DerivedData/ModuleCache.noindex -serialize-diagnostics -emit-dependencies -emit-module -emit-module-path /Users/yuhang.ang/Library/Developer/Xcode/DerivedData/Chitchat-dsdwfckxxhakuscbfmbnzdadgvwg/Build/Intermediates.noindex/Chitchat.build/Debug/Chitchat.build/Objects-normal/arm64/Chitchat.swiftmodule -validate-clang-modules-once -clang-build-session-file /Users/yuhang.ang/Library/Developer/Xcode/DerivedData/ModuleCache.noindex/Session.modulevalidation -Xcc -I/Users/yuhang.ang/Library/Developer/Xcode/DerivedData/Chitchat-dsdwfckxxhakuscbfmbnzdadgvwg/Build/Intermediates.noindex/Chitchat.build/Debug/Chitchat.build/swift-overrides.hmap -emit-const-values -Xfrontend -const-gather-protocols-file -Xfrontend /Users/yuhang.ang/Library/Developer/Xcode/DerivedData/Chitchat-dsdwfckxxhakuscbfmbnzdadgvwg/Build/Intermediates.noindex/Chitchat.build/Debug/Chitchat.build/Objects-normal/arm64/Chitchat_const_extract_protocols.json -Xcc -iquote -Xcc /Users/yuhang.ang/Library/Developer/Xcode/DerivedData/Chitchat-dsdwfckxxhakuscbfmbnzdadgvwg/Build/Intermediates.noindex/Chitchat.build/Debug/Chitchat.build/Chitchat-generated-files.hmap -Xcc -I/Users/yuhang.ang/Library/Developer/Xcode/DerivedData/Chitchat-dsdwfckxxhakuscbfmbnzdadgvwg/Build/Intermediates.noindex/Chitchat.build/Debug/Chitchat.build/Chitchat-own-target-headers.hmap -Xcc -I/Users/yuhang.ang/Library/Developer/Xcode/DerivedData/Chitchat-dsdwfckxxhakuscbfmbnzdadgvwg/Build/Intermediates.noindex/Chitchat.build/Debug/Chitchat.build/Chitchat-all-non-framework-target-headers.hmap -Xcc -ivfsoverlay -Xcc /Users/yuhang.ang/Library/Developer/Xcode/DerivedData/Chitchat-dsdwfckxxhakuscbfmbnzdadgvwg/Build/Intermediates.noindex/Chitchat.build/Debug/Chitchat-7b65ff322471bb806ebba537e8693719-VFS/all-product-headers.yaml -Xcc -iquote -Xcc /Users/yuhang.ang/Library/Developer/Xcode/DerivedData/Chitchat-dsdwfckxxhakuscbfmbnzdadgvwg/Build/Intermediates.noindex/Chitchat.build/Debug/Chitchat.build/Chitchat-project-headers.hmap -Xcc -I/Users/yuhang.ang/Library/Developer/Xcode/DerivedData/Chitchat-dsdwfckxxhakuscbfmbnzdadgvwg/SourcePackages/checkouts/mlx-swift/Source/Cmlx/include -Xcc -I/Users/yuhang.ang/Library/Developer/Xcode/DerivedData/Chitchat-dsdwfckxxhakuscbfmbnzdadgvwg/SourcePackages/checkouts/swift-nio-ssl/Sources/CNIOBoringSSLShims/include -Xcc -I/Users/yuhang.ang/Library/Developer/Xcode/DerivedData/Chitchat-dsdwfckxxhakuscbfmbnzdadgvwg/SourcePackages/checkouts/swift-nio-ssl/Sources/CNIOBoringSSL/include -Xcc -I/Users/yuhang.ang/Library/Developer/Xcode/DerivedData/Chitchat-dsdwfckxxhakuscbfmbnzdadgvwg/SourcePackages/checkouts/swift-nio-extras/Sources/CNIOExtrasZlib/include -Xcc -I/Users/yuhang.ang/Library/Developer/Xcode/DerivedData/Chitchat-dsdwfckxxhakuscbfmbnzdadgvwg/SourcePackages/checkouts/swift-numerics/Sources/_NumericsShims/include -Xcc -I/Users/yuhang.ang/Library/Developer/Xcode/DerivedData/Chitchat-dsdwfckxxhakuscbfmbnzdadgvwg/SourcePackages/checkouts/swift-system/Sources/CSystem/include -Xcc -I/Users/yuhang.ang/Library/Developer/Xcode/DerivedData/Chitchat-dsdwfckxxhakuscbfmbnzdadgvwg/SourcePackages/checkouts/async-http-client/Sources/CAsyncHTTPClient/include -Xcc -I/Users/yuhang.ang/Library/Developer/Xcode/DerivedData/Chitchat-dsdwfckxxhakuscbfmbnzdadgvwg/SourcePackages/checkouts/swift-nio/Sources/CNIOLLHTTP/include -Xcc -I/Users/yuhang.ang/Library/Developer/Xcode/DerivedData/Chitchat-dsdwfckxxhakuscbfmbnzdadgvwg/SourcePackages/checkouts/swift-nio/Sources/CNIOPosix/include -Xcc -I/Users/yuhang.ang/Library/Developer/Xcode/DerivedData/Chitchat-dsdwfckxxhakuscbfmbnzdadgvwg/SourcePackages/checkouts/swift-nio/Sources/CNIOWASI/include -Xcc -I/Users/yuhang.ang/Library/Developer/Xcode/DerivedData/Chitchat-dsdwfckxxhakuscbfmbnzdadgvwg/SourcePackages/checkouts/swift-nio/Sources/CNIOWindows/include -Xcc -I/Users/yuhang.ang/Library/Developer/Xcode/DerivedData/Chitchat-dsdwfckxxhakuscbfmbnzdadgvwg/SourcePackages/checkouts/swift-nio/Sources/CNIOLinux/include -Xcc -I/Users/yuhang.ang/Library/Developer/Xcode/DerivedData/Chitchat-dsdwfckxxhakuscbfmbnzdadgvwg/SourcePackages/checkouts/swift-nio/Sources/CNIODarwin/include -Xcc -I/Users/yuhang.ang/Library/Developer/Xcode/DerivedData/Chitchat-dsdwfckxxhakuscbfmbnzdadgvwg/SourcePackages/checkouts/swift-nio/Sources/CNIOOpenBSD/include -Xcc -I/Users/yuhang.ang/Library/Developer/Xcode/DerivedData/Chitchat-dsdwfckxxhakuscbfmbnzdadgvwg/SourcePackages/checkouts/swift-nio/Sources/CNIOAtomics/include -Xcc -I/Users/yuhang.ang/Library/Developer/Xcode/DerivedData/Chitchat-dsdwfckxxhakuscbfmbnzdadgvwg/SourcePackages/checkouts/swift-atomics/Sources/_AtomicsShims/include -Xcc -I/Users/yuhang.ang/Library/Developer/Xcode/DerivedData/Chitchat-dsdwfckxxhakuscbfmbnzdadgvwg/SourcePackages/checkouts/yyjson/src -Xcc -I/Users/yuhang.ang/Library/Developer/Xcode/DerivedData/Chitchat-dsdwfckxxhakuscbfmbnzdadgvwg/Build/Products/Debug/include -Xcc -I/Users/yuhang.ang/Library/Developer/Xcode/DerivedData/Chitchat-dsdwfckxxhakuscbfmbnzdadgvwg/Build/Intermediates.noindex/Chitchat.build/Debug/Chitchat.build/DerivedSources-normal/arm64 -Xcc -I/Users/yuhang.ang/Library/Developer/Xcode/DerivedData/Chitchat-dsdwfckxxhakuscbfmbnzdadgvwg/Build/Intermediates.noindex/Chitchat.build/Debug/Chitchat.build/DerivedSources/arm64 -Xcc -I/Users/yuhang.ang/Library/Developer/Xcode/DerivedData/Chitchat-dsdwfckxxhakuscbfmbnzdadgvwg/Build/Intermediates.noindex/Chitchat.build/Debug/Chitchat.build/DerivedSources -Xcc -DDEBUG\=1 -emit-objc-header -emit-objc-header-path /Users/yuhang.ang/Library/Developer/Xcode/DerivedData/Chitchat-dsdwfckxxhakuscbfmbnzdadgvwg/Build/Intermediates.noindex/Chitchat.build/Debug/Chitchat.build/Objects-normal/arm64/Chitchat-Swift.h -working-directory /Users/yuhang.ang/Desktop/Projects/model/Chitchat -experimental-emit-module-separately -disable-cmo

ProcessInfoPlistFile /Users/yuhang.ang/Library/Developer/Xcode/DerivedData/Chitchat-dsdwfckxxhakuscbfmbnzdadgvwg/Build/Products/Debug/Chitchat.app/Contents/Info.plist /Users/yuhang.ang/Library/Developer/Xcode/DerivedData/Chitchat-dsdwfckxxhakuscbfmbnzdadgvwg/Build/Intermediates.noindex/Chitchat.build/Debug/Chitchat.build/empty-Chitchat.plist (in target 'Chitchat' from project 'Chitchat')
    cd /Users/yuhang.ang/Desktop/Projects/model/Chitchat
    builtin-infoPlistUtility /Users/yuhang.ang/Library/Developer/Xcode/DerivedData/Chitchat-dsdwfckxxhakuscbfmbnzdadgvwg/Build/Intermediates.noindex/Chitchat.build/Debug/Chitchat.build/empty-Chitchat.plist -producttype com.apple.product-type.application -genpkginfo /Users/yuhang.ang/Library/Developer/Xcode/DerivedData/Chitchat-dsdwfckxxhakuscbfmbnzdadgvwg/Build/Products/Debug/Chitchat.app/Contents/PkgInfo -expandbuildsettings -platform macosx -additionalcontentfile /Users/yuhang.ang/Library/Developer/Xcode/DerivedData/Chitchat-dsdwfckxxhakuscbfmbnzdadgvwg/Build/Intermediates.noindex/Chitchat.build/Debug/Chitchat.build/assetcatalog_generated_info.plist -scanforprivacyfile /Users/yuhang.ang/Library/Developer/Xcode/DerivedData/Chitchat-dsdwfckxxhakuscbfmbnzdadgvwg/Build/Products/Debug/Chitchat.app/Contents/Resources/GRDB_GRDB.bundle -scanforprivacyfile /Users/yuhang.ang/Library/Developer/Xcode/DerivedData/Chitchat-dsdwfckxxhakuscbfmbnzdadgvwg/Build/Products/Debug/Chitchat.app/Contents/Resources/mlx-swift_Cmlx.bundle -scanforprivacyfile /Users/yuhang.ang/Library/Developer/Xcode/DerivedData/Chitchat-dsdwfckxxhakuscbfmbnzdadgvwg/Build/Products/Debug/Chitchat.app/Contents/Resources/swift-crypto_Crypto.bundle -scanforprivacyfile /Users/yuhang.ang/Library/Developer/Xcode/DerivedData/Chitchat-dsdwfckxxhakuscbfmbnzdadgvwg/Build/Products/Debug/Chitchat.app/Contents/Resources/swift-nio-ssl_NIOSSL.bundle -scanforprivacyfile /Users/yuhang.ang/Library/Developer/Xcode/DerivedData/Chitchat-dsdwfckxxhakuscbfmbnzdadgvwg/Build/Products/Debug/Chitchat.app/Contents/Resources/swift-nio_NIOPosix.bundle -scanforprivacyfile /Users/yuhang.ang/Library/Developer/Xcode/DerivedData/Chitchat-dsdwfckxxhakuscbfmbnzdadgvwg/Build/Products/Debug/Chitchat.app/Contents/Resources/swift-transformers_Hub.bundle -o /Users/yuhang.ang/Library/Developer/Xcode/DerivedData/Chitchat-dsdwfckxxhakuscbfmbnzdadgvwg/Build/Products/Debug/Chitchat.app/Contents/Info.plist

SwiftEmitModule normal arm64 Emitting\ module\ for\ Chitchat (in target 'Chitchat' from project 'Chitchat')

EmitSwiftModule normal arm64 (in target 'Chitchat' from project 'Chitchat')
    cd /Users/yuhang.ang/Desktop/Projects/model/Chitchat
    
/Users/yuhang.ang/Desktop/Projects/model/Chitchat/Chitchat/ScannerView.swift:24:39: error: cannot find type 'UIImage' in scope
    @State private var capturedImage: UIImage?
                                      ^~~~~~~
/Users/yuhang.ang/Desktop/Projects/model/Chitchat/Chitchat/ScannerView.swift:340:48: error: cannot find type 'UIImage' in scope
    private func capturedImagePreview(_ image: UIImage) -> some View {
                                               ^~~~~~~
/Users/yuhang.ang/Desktop/Projects/model/Chitchat/Chitchat/ScannerView.swift:809:40: error: cannot find type 'UIImage' in scope
    private func processImage(_ image: UIImage) async {
                                       ^~~~~~~

Failed frontend command:
/Applications/Xcode.app/Contents/Developer/Toolchains/XcodeDefault.xctoolchain/usr/bin/swift-frontend -frontend -emit-module -experimental-skip-non-inlinable-function-bodies-without-types /Users/yuhang.ang/Desktop/Projects/model/Chitchat/Chitchat/AudioService.swift /Users/yuhang.ang/Desktop/Projects/model/Chitchat/Chitchat/ChatView.swift /Users/yuhang.ang/Desktop/Projects/model/Chitchat/Chitchat/ChitchatApp.swift /Users/yuhang.ang/Desktop/Projects/model/Chitchat/Chitchat/ContentView.swift /Users/yuhang.ang/Desktop/Projects/model/Chitchat/Chitchat/DatabaseManager.swift /Users/yuhang.ang/Desktop/Projects/model/Chitchat/Chitchat/ExcelExporter.swift /Users/yuhang.ang/Desktop/Projects/model/Chitchat/Chitchat/GemmaManager.swift /Users/yuhang.ang/Desktop/Projects/model/Chitchat/Chitchat/HomeView.swift /Users/yuhang.ang/Desktop/Projects/model/Chitchat/Chitchat/MainView.swift /Users/yuhang.ang/Desktop/Projects/model/Chitchat/Chitchat/MLXAudioExtensions.swift /Users/yuhang.ang/Desktop/Projects/model/Chitchat/Chitchat/MLXModelManager.swift /Users/yuhang.ang/Desktop/Projects/model/Chitchat/Chitchat/MLXRuntimeSupport.swift /Users/yuhang.ang/Desktop/Projects/model/Chitchat/Chitchat/ScannerView.swift /Users/yuhang.ang/Desktop/Projects/model/Chitchat/Chitchat/ScanResult.swift /Users/yuhang.ang/Desktop/Projects/model/Chitchat/Chitchat/ScriptEngine.swift /Users/yuhang.ang/Desktop/Projects/model/Chitchat/Chitchat/SettingsView.swift /Users/yuhang.ang/Desktop/Projects/model/Chitchat/Chitchat/SpeechService.swift /Users/yuhang.ang/Desktop/Projects/model/Chitchat/Chitchat/test_type.swift /Users/yuhang.ang/Desktop/Projects/model/Chitchat/Chitchat/ToolDataView.swift /Users/yuhang.ang/Desktop/Projects/model/Chitchat/Chitchat/ToolStorage.swift /Users/yuhang.ang/Desktop/Projects/model/Chitchat/Chitchat/VisionManager.swift /Users/yuhang.ang/Desktop/Projects/model/Chitchat/Chitchat/WhisperManager.swift /Users/yuhang.ang/Library/Developer/Xcode/DerivedData/Chitchat-dsdwfckxxhakuscbfmbnzdadgvwg/Build/Intermediates.noindex/Chitchat.build/Debug/Chitchat.build/DerivedSources/GeneratedAssetSymbols.swift -target arm64-apple-macos15.7 -module-can-import-version AppKit 2685.30.107 2685.30.107 -module-can-import-version DeveloperToolsSupport 23.0.4 23.0.4 -module-can-import-version SwiftUI 7.2.5.1 7.2.5 -disable-cross-import-overlay-search -swift-module-cross-import PhotosUI /Applications/Xcode.app/Contents/Developer/Platforms/MacOSX.platform/Developer/SDKs/MacOSX.sdk/System/Library/Frameworks/PhotosUI.framework/Modules/PhotosUI.swiftcrossimport/SwiftUI.swiftoverlay -swift-module-cross-import PhotosUI /Applications/Xcode.app/Contents/Developer/Platforms/MacOSX.platform/Developer/SDKs/MacOSX.sdk/System/Library/Frameworks/PhotosUI.framework/Modules/PhotosUI.swiftcrossimport/WidgetKit.swiftoverlay -swift-module-cross-import PhotosUI /Applications/Xcode.app/Contents/Developer/Platforms/MacOSX.platform/Developer/SDKs/MacOSX26.2.sdk/System/Library/Frameworks/PhotosUI.framework/Modules/PhotosUI.swiftcrossimport/SwiftUI.swiftoverlay -swift-module-cross-import PhotosUI /Applications/Xcode.app/Contents/Developer/Platforms/MacOSX.platform/Developer/SDKs/MacOSX26.2.sdk/System/Library/Frameworks/PhotosUI.framework/Modules/PhotosUI.swiftcrossimport/WidgetKit.swiftoverlay -load-resolved-plugin /Applications/Xcode.app/Contents/Developer/Platforms/MacOSX.platform/Developer/usr/lib/swift/host/plugins/libFoundationMacros.dylib\#/Applications/Xcode.app/Contents/Developer/Platforms/MacOSX.platform/Developer/usr/bin/swift-plugin-server\#FoundationMacros -load-resolved-plugin /Applications/Xcode.app/Contents/Developer/Platforms/MacOSX.platform/Developer/usr/lib/swift/host/plugins/libObservationMacros.dylib\#/Applications/Xcode.app/Contents/Developer/Platforms/MacOSX.platform/Developer/usr/bin/swift-plugin-server\#ObservationMacros -load-resolved-plugin /Applications/Xcode.app/Contents/Developer/Platforms/MacOSX.platform/Developer/usr/lib/swift/host/plugins/libPreviewsMacros.dylib\#/Applications/Xcode.app/Contents/Developer/Platforms/MacOSX.platform/Developer/usr/bin/swift-plugin-server\#PreviewsMacros -load-resolved-plugin /Applications/Xcode.app/Contents/Developer/Platforms/MacOSX.platform/Developer/usr/lib/swift/host/plugins/libSwiftMacros.dylib\#/Applications/Xcode.app/Contents/Developer/Platforms/MacOSX.platform/Developer/usr/bin/swift-plugin-server\#SwiftMacros -load-resolved-plugin /Applications/Xcode.app/Contents/Developer/Platforms/MacOSX.platform/Developer/usr/lib/swift/host/plugins/libSwiftUIMacros.dylib\#/Applications/Xcode.app/Contents/Developer/Platforms/MacOSX.platform/Developer/usr/bin/swift-plugin-server\#SwiftUIMacros -disable-implicit-swift-modules -Xcc -fno-implicit-modules -Xcc -fno-implicit-module-maps -explicit-swift-module-map-file /Users/yuhang.ang/Library/Developer/Xcode/DerivedData/Chitchat-dsdwfckxxhakuscbfmbnzdadgvwg/Build/Intermediates.noindex/Chitchat.build/Debug/Chitchat.build/Objects-normal/arm64/Chitchat-dependencies-1.json -Xllvm -aarch64-use-tbi -enable-objc-interop -stack-check -sdk /Applications/Xcode.app/Contents/Developer/Platforms/MacOSX.platform/Developer/SDKs/MacOSX26.2.sdk -I /Users/yuhang.ang/Library/Developer/Xcode/DerivedData/Chitchat-dsdwfckxxhakuscbfmbnzdadgvwg/Build/Products/Debug -F /Users/yuhang.ang/Library/Developer/Xcode/DerivedData/Chitchat-dsdwfckxxhakuscbfmbnzdadgvwg/Build/Products/Debug/PackageFrameworks -F /Users/yuhang.ang/Library/Developer/Xcode/DerivedData/Chitchat-dsdwfckxxhakuscbfmbnzdadgvwg/Build/Products/Debug/PackageFrameworks -F /Users/yuhang.ang/Library/Developer/Xcode/DerivedData/Chitchat-dsdwfckxxhakuscbfmbnzdadgvwg/Build/Products/Debug/PackageFrameworks -F /Users/yuhang.ang/Library/Developer/Xcode/DerivedData/Chitchat-dsdwfckxxhakuscbfmbnzdadgvwg/Build/Products/Debug/PackageFrameworks -F /Users/yuhang.ang/Library/Developer/Xcode/DerivedData/Chitchat-dsdwfckxxhakuscbfmbnzdadgvwg/Build/Products/Debug/PackageFrameworks -F /Users/yuhang.ang/Library/Developer/Xcode/DerivedData/Chitchat-dsdwfckxxhakuscbfmbnzdadgvwg/Build/Products/Debug/PackageFrameworks -F /Users/yuhang.ang/Library/Developer/Xcode/DerivedData/Chitchat-dsdwfckxxhakuscbfmbnzdadgvwg/Build/Products/Debug/PackageFrameworks -F /Users/yuhang.ang/Library/Developer/Xcode/DerivedData/Chitchat-dsdwfckxxhakuscbfmbnzdadgvwg/Build/Products/Debug/PackageFrameworks -F /Users/yuhang.ang/Library/Developer/Xcode/DerivedData/Chitchat-dsdwfckxxhakuscbfmbnzdadgvwg/Build/Products/Debug/PackageFrameworks -F /Users/yuhang.ang/Library/Developer/Xcode/DerivedData/Chitchat-dsdwfckxxhakuscbfmbnzdadgvwg/Build/Products/Debug/PackageFrameworks -F /Users/yuhang.ang/Library/Developer/Xcode/DerivedData/Chitchat-dsdwfckxxhakuscbfmbnzdadgvwg/Build/Products/Debug/PackageFrameworks -F /Users/yuhang.ang/Library/Developer/Xcode/DerivedData/Chitchat-dsdwfckxxhakuscbfmbnzdadgvwg/Build/Products/Debug/PackageFrameworks -F /Users/yuhang.ang/Library/Developer/Xcode/DerivedData/Chitchat-dsdwfckxxhakuscbfmbnzdadgvwg/Build/Products/Debug/PackageFrameworks -F /Users/yuhang.ang/Library/Developer/Xcode/DerivedData/Chitchat-dsdwfckxxhakuscbfmbnzdadgvwg/Build/Products/Debug/PackageFrameworks -F /Users/yuhang.ang/Library/Developer/Xcode/DerivedData/Chitchat-dsdwfckxxhakuscbfmbnzdadgvwg/Build/Products/Debug/PackageFrameworks -F /Users/yuhang.ang/Library/Developer/Xcode/DerivedData/Chitchat-dsdwfckxxhakuscbfmbnzdadgvwg/Build/Products/Debug/PackageFrameworks -F /Users/yuhang.ang/Library/Developer/Xcode/DerivedData/Chitchat-dsdwfckxxhakuscbfmbnzdadgvwg/Build/Products/Debug/PackageFrameworks -F /Users/yuhang.ang/Library/Developer/Xcode/DerivedData/Chitchat-dsdwfckxxhakuscbfmbnzdadgvwg/Build/Products/Debug/PackageFrameworks -F /Users/yuhang.ang/Library/Developer/Xcode/DerivedData/Chitchat-dsdwfckxxhakuscbfmbnzdadgvwg/Build/Products/Debug/PackageFrameworks -F /Users/yuhang.ang/Library/Developer/Xcode/DerivedData/Chitchat-dsdwfckxxhakuscbfmbnzdadgvwg/Build/Products/Debug/PackageFrameworks -F /Users/yuhang.ang/Library/Developer/Xcode/DerivedData/Chitchat-dsdwfckxxhakuscbfmbnzdadgvwg/Build/Products/Debug/PackageFrameworks -F /Users/yuhang.ang/Library/Developer/Xcode/DerivedData/Chitchat-dsdwfckxxhakuscbfmbnzdadgvwg/Build/Products/Debug/PackageFrameworks -F /Users/yuhang.ang/Library/Developer/Xcode/DerivedData/Chitchat-dsdwfckxxhakuscbfmbnzdadgvwg/Build/Products/Debug/PackageFrameworks -F /Users/yuhang.ang/Library/Developer/Xcode/DerivedData/Chitchat-dsdwfckxxhakuscbfmbnzdadgvwg/Build/Products/Debug/PackageFrameworks -F /Users/yuhang.ang/Library/Developer/Xcode/DerivedData/Chitchat-dsdwfckxxhakuscbfmbnzdadgvwg/Build/Products/Debug/PackageFrameworks -F /Users/yuhang.ang/Library/Developer/Xcode/DerivedData/Chitchat-dsdwfckxxhakuscbfmbnzdadgvwg/Build/Products/Debug/PackageFrameworks -F /Users/yuhang.ang/Library/Developer/Xcode/DerivedData/Chitchat-dsdwfckxxhakuscbfmbnzdadgvwg/Build/Products/Debug/PackageFrameworks -F /Users/yuhang.ang/Library/Developer/Xcode/DerivedData/Chitchat-dsdwfckxxhakuscbfmbnzdadgvwg/Build/Products/Debug/PackageFrameworks -F /Users/yuhang.ang/Library/Developer/Xcode/DerivedData/Chitchat-dsdwfckxxhakuscbfmbnzdadgvwg/Build/Products/Debug/PackageFrameworks -F /Users/yuhang.ang/Library/Developer/Xcode/DerivedData/Chitchat-dsdwfckxxhakuscbfmbnzdadgvwg/Build/Products/Debug/PackageFrameworks -F /Users/yuhang.ang/Library/Developer/Xcode/DerivedData/Chitchat-dsdwfckxxhakuscbfmbnzdadgvwg/Build/Products/Debug/PackageFrameworks -F /Users/yuhang.ang/Library/Developer/Xcode/DerivedData/Chitchat-dsdwfckxxhakuscbfmbnzdadgvwg/Build/Products/Debug/PackageFrameworks -F /Users/yuhang.ang/Library/Developer/Xcode/DerivedData/Chitchat-dsdwfckxxhakuscbfmbnzdadgvwg/Build/Products/Debug/PackageFrameworks -F /Users/yuhang.ang/Library/Developer/Xcode/DerivedData/Chitchat-dsdwfckxxhakuscbfmbnzdadgvwg/Build/Products/Debug/PackageFrameworks -F /Users/yuhang.ang/Library/Developer/Xcode/DerivedData/Chitchat-dsdwfckxxhakuscbfmbnzdadgvwg/Build/Products/Debug/PackageFrameworks -F /Users/yuhang.ang/Library/Developer/Xcode/DerivedData/Chitchat-dsdwfckxxhakuscbfmbnzdadgvwg/Build/Products/Debug/PackageFrameworks -F /Users/yuhang.ang/Library/Developer/Xcode/DerivedData/Chitchat-dsdwfckxxhakuscbfmbnzdadgvwg/Build/Products/Debug/PackageFrameworks -F /Users/yuhang.ang/Library/Developer/Xcode/DerivedData/Chitchat-dsdwfckxxhakuscbfmbnzdadgvwg/Build/Products/Debug/PackageFrameworks -F /Users/yuhang.ang/Library/Developer/Xcode/DerivedData/Chitchat-dsdwfckxxhakuscbfmbnzdadgvwg/Build/Products/Debug/PackageFrameworks -F /Users/yuhang.ang/Library/Developer/Xcode/DerivedData/Chitchat-dsdwfckxxhakuscbfmbnzdadgvwg/Build/Products/Debug/PackageFrameworks -F /Users/yuhang.ang/Library/Developer/Xcode/DerivedData/Chitchat-dsdwfckxxhakuscbfmbnzdadgvwg/Build/Products/Debug/PackageFrameworks -F /Users/yuhang.ang/Library/Developer/Xcode/DerivedData/Chitchat-dsdwfckxxhakuscbfmbnzdadgvwg/Build/Products/Debug/PackageFrameworks -F /Users/yuhang.ang/Library/Developer/Xcode/DerivedData/Chitchat-dsdwfckxxhakuscbfmbnzdadgvwg/Build/Products/Debug/PackageFrameworks -F /Users/yuhang.ang/Library/Developer/Xcode/DerivedData/Chitchat-dsdwfckxxhakuscbfmbnzdadgvwg/Build/Products/Debug/PackageFrameworks -F /Users/yuhang.ang/Library/Developer/Xcode/DerivedData/Chitchat-dsdwfckxxhakuscbfmbnzdadgvwg/Build/Products/Debug/PackageFrameworks -F /Users/yuhang.ang/Library/Developer/Xcode/DerivedData/Chitchat-dsdwfckxxhakuscbfmbnzdadgvwg/Build/Products/Debug/PackageFrameworks -F /Users/yuhang.ang/Library/Developer/Xcode/DerivedData/Chitchat-dsdwfckxxhakuscbfmbnzdadgvwg/Build/Products/Debug/PackageFrameworks -F /Users/yuhang.ang/Library/Developer/Xcode/DerivedData/Chitchat-dsdwfckxxhakuscbfmbnzdadgvwg/Build/Products/Debug/PackageFrameworks -F /Users/yuhang.ang/Library/Developer/Xcode/DerivedData/Chitchat-dsdwfckxxhakuscbfmbnzdadgvwg/Build/Products/Debug/PackageFrameworks -F /Users/yuhang.ang/Library/Developer/Xcode/DerivedData/Chitchat-dsdwfckxxhakuscbfmbnzdadgvwg/Build/Products/Debug/PackageFrameworks -F /Users/yuhang.ang/Library/Developer/Xcode/DerivedData/Chitchat-dsdwfckxxhakuscbfmbnzdadgvwg/Build/Products/Debug/PackageFrameworks -F /Users/yuhang.ang/Library/Developer/Xcode/DerivedData/Chitchat-dsdwfckxxhakuscbfmbnzdadgvwg/Build/Products/Debug/PackageFrameworks -F /Users/yuhang.ang/Library/Developer/Xcode/DerivedData/Chitchat-dsdwfckxxhakuscbfmbnzdadgvwg/Build/Products/Debug/PackageFrameworks -F /Users/yuhang.ang/Library/Developer/Xcode/DerivedData/Chitchat-dsdwfckxxhakuscbfmbnzdadgvwg/Build/Products/Debug/PackageFrameworks -F /Users/yuhang.ang/Library/Developer/Xcode/DerivedData/Chitchat-dsdwfckxxhakuscbfmbnzdadgvwg/Build/Products/Debug/PackageFrameworks -F /Users/yuhang.ang/Library/Developer/Xcode/DerivedData/Chitchat-dsdwfckxxhakuscbfmbnzdadgvwg/Build/Products/Debug/PackageFrameworks -F /Users/yuhang.ang/Library/Developer/Xcode/DerivedData/Chitchat-dsdwfckxxhakuscbfmbnzdadgvwg/Build/Products/Debug/PackageFrameworks -F /Users/yuhang.ang/Library/Developer/Xcode/DerivedData/Chitchat-dsdwfckxxhakuscbfmbnzdadgvwg/Build/Products/Debug/PackageFrameworks -F /Users/yuhang.ang/Library/Developer/Xcode/DerivedData/Chitchat-dsdwfckxxhakuscbfmbnzdadgvwg/Build/Products/Debug/PackageFrameworks -F /Users/yuhang.ang/Library/Developer/Xcode/DerivedData/Chitchat-dsdwfckxxhakuscbfmbnzdadgvwg/Build/Products/Debug/PackageFrameworks -F /Users/yuhang.ang/Library/Developer/Xcode/DerivedData/Chitchat-dsdwfckxxhakuscbfmbnzdadgvwg/Build/Products/Debug/PackageFrameworks -F /Users/yuhang.ang/Library/Developer/Xcode/DerivedData/Chitchat-dsdwfckxxhakuscbfmbnzdadgvwg/Build/Products/Debug/PackageFrameworks -F /Users/yuhang.ang/Library/Developer/Xcode/DerivedData/Chitchat-dsdwfckxxhakuscbfmbnzdadgvwg/Build/Products/Debug/PackageFrameworks -F /Users/yuhang.ang/Library/Developer/Xcode/DerivedData/Chitchat-dsdwfckxxhakuscbfmbnzdadgvwg/Build/Products/Debug/PackageFrameworks -F /Users/yuhang.ang/Library/Developer/Xcode/DerivedData/Chitchat-dsdwfckxxhakuscbfmbnzdadgvwg/Build/Products/Debug/PackageFrameworks -F /Users/yuhang.ang/Library/Developer/Xcode/DerivedData/Chitchat-dsdwfckxxhakuscbfmbnzdadgvwg/Build/Products/Debug/PackageFrameworks -F /Users/yuhang.ang/Library/Developer/Xcode/DerivedData/Chitchat-dsdwfckxxhakuscbfmbnzdadgvwg/Build/Products/Debug -no-color-diagnostics -Xcc -fno-color-diagnostics -enable-testing -g -debug-info-format\=dwarf -dwarf-version\=5 -module-cache-path /Users/yuhang.ang/Library/Developer/Xcode/DerivedData/Chitchat-dsdwfckxxhakuscbfmbnzdadgvwg/Build/Intermediates.noindex/SwiftExplicitPrecompiledModules -swift-version 5 -enforce-exclusivity\=checked -Onone -D DEBUG -serialize-debugging-options -const-gather-protocols-file /Users/yuhang.ang/Library/Developer/Xcode/DerivedData/Chitchat-dsdwfckxxhakuscbfmbnzdadgvwg/Build/Intermediates.noindex/Chitchat.build/Debug/Chitchat.build/Objects-normal/arm64/Chitchat_const_extract_protocols.json -enable-upcoming-feature DisableOutwardActorInference -enable-upcoming-feature InferSendableFromCaptures -enable-upcoming-feature GlobalActorIsolatedTypesUsability -enable-upcoming-feature MemberImportVisibility -enable-upcoming-feature InferIsolatedConformances -enable-upcoming-feature NonisolatedNonsendingByDefault -enable-experimental-feature DebugDescriptionMacro -enable-bare-slash-regex -default-isolation\=MainActor -empty-abi-descriptor -validate-clang-modules-once -clang-build-session-file /Users/yuhang.ang/Library/Developer/Xcode/DerivedData/ModuleCache.noindex/Session.modulevalidation -Xcc -working-directory -Xcc /Users/yuhang.ang/Desktop/Projects/model/Chitchat -enable-anonymous-context-mangled-names -file-compilation-dir /Users/yuhang.ang/Desktop/Projects/model/Chitchat -Xcc -fmodule-map-file\=/Users/yuhang.ang/Library/Developer/Xcode/DerivedData/Chitchat-dsdwfckxxhakuscbfmbnzdadgvwg/Build/Intermediates.noindex/GeneratedModuleMaps/CNIOBoringSSLShims.modulemap -Xcc -fmodule-map-file\=/Users/yuhang.ang/Library/Developer/Xcode/DerivedData/Chitchat-dsdwfckxxhakuscbfmbnzdadgvwg/Build/Intermediates.noindex/GeneratedModuleMaps/CNIOExtrasZlib.modulemap -Xcc -fmodule-map-file\=/Users/yuhang.ang/Library/Developer/Xcode/DerivedData/Chitchat-dsdwfckxxhakuscbfmbnzdadgvwg/Build/Intermediates.noindex/GeneratedModuleMaps/CAsyncHTTPClient.modulemap -Xcc -fmodule-map-file\=/Users/yuhang.ang/Library/Developer/Xcode/DerivedData/Chitchat-dsdwfckxxhakuscbfmbnzdadgvwg/Build/Intermediates.noindex/GeneratedModuleMaps/CNIOLLHTTP.modulemap -Xcc -fmodule-map-file\=/Users/yuhang.ang/Library/Developer/Xcode/DerivedData/Chitchat-dsdwfckxxhakuscbfmbnzdadgvwg/Build/Intermediates.noindex/GeneratedModuleMaps/CNIOPosix.modulemap -Xcc -fmodule-map-file\=/Users/yuhang.ang/Library/Developer/Xcode/DerivedData/Chitchat-dsdwfckxxhakuscbfmbnzdadgvwg/Build/Intermediates.noindex/GeneratedModuleMaps/CNIOWASI.modulemap -Xcc -fmodule-map-file\=/Users/yuhang.ang/Library/Developer/Xcode/DerivedData/Chitchat-dsdwfckxxhakuscbfmbnzdadgvwg/Build/Intermediates.noindex/GeneratedModuleMaps/CNIOLinux.modulemap -Xcc -fmodule-map-file\=/Users/yuhang.ang/Library/Developer/Xcode/DerivedData/Chitchat-dsdwfckxxhakuscbfmbnzdadgvwg/Build/Intermediates.noindex/GeneratedModuleMaps/CNIODarwin.modulemap -Xcc -fmodule-map-file\=/Users/yuhang.ang/Library/Developer/Xcode/DerivedData/Chitchat-dsdwfckxxhakuscbfmbnzdadgvwg/Build/Intermediates.noindex/GeneratedModuleMaps/CNIOOpenBSD.modulemap -Xcc -fmodule-map-file\=/Users/yuhang.ang/Library/Developer/Xcode/DerivedData/Chitchat-dsdwfckxxhakuscbfmbnzdadgvwg/Build/Intermediates.noindex/GeneratedModuleMaps/CNIOAtomics.modulemap -Xcc -fmodule-map-file\=/Users/yuhang.ang/Library/Developer/Xcode/DerivedData/Chitchat-dsdwfckxxhakuscbfmbnzdadgvwg/Build/Intermediates.noindex/GeneratedModuleMaps/yyjson.modulemap -Xcc -fmodule-map-file\=/Users/yuhang.ang/Library/Developer/Xcode/DerivedData/Chitchat-dsdwfckxxhakuscbfmbnzdadgvwg/SourcePackages/checkouts/GRDB.swift/Sources/GRDBSQLite/module.modulemap -Xcc -D_LIBCPP_HARDENING_MODE\=_LIBCPP_HARDENING_MODE_DEBUG -Xcc -ivfsstatcache -Xcc /Users/yuhang.ang/Library/Developer/Xcode/DerivedData/SDKStatCaches.noindex/macosx26.2-25C57-dc75598d0054f22ec865fa860f139d7200fa09913b459cbbc988d1f6730289ae.sdkstatcache -Xcc -I/Users/yuhang.ang/Library/Developer/Xcode/DerivedData/Chitchat-dsdwfckxxhakuscbfmbnzdadgvwg/Build/Intermediates.noindex/Chitchat.build/Debug/Chitchat.build/swift-overrides.hmap -Xcc -iquote -Xcc /Users/yuhang.ang/Library/Developer/Xcode/DerivedData/Chitchat-dsdwfckxxhakuscbfmbnzdadgvwg/Build/Intermediates.noindex/Chitchat.build/Debug/Chitchat.build/Chitchat-generated-files.hmap -Xcc -I/Users/yuhang.ang/Library/Developer/Xcode/DerivedData/Chitchat-dsdwfckxxhakuscbfmbnzdadgvwg/Build/Intermediates.noindex/Chitchat.build/Debug/Chitchat.build/Chitchat-own-target-headers.hmap -Xcc -I/Users/yuhang.ang/Library/Developer/Xcode/DerivedData/Chitchat-dsdwfckxxhakuscbfmbnzdadgvwg/Build/Intermediates.noindex/Chitchat.build/Debug/Chitchat.build/Chitchat-all-non-framework-target-headers.hmap -Xcc -ivfsoverlay -Xcc /Users/yuhang.ang/Library/Developer/Xcode/DerivedData/Chitchat-dsdwfckxxhakuscbfmbnzdadgvwg/Build/Intermediates.noindex/Chitchat.build/Debug/Chitchat-7b65ff322471bb806ebba537e8693719-VFS/all-product-headers.yaml -Xcc -iquote -Xcc /Users/yuhang.ang/Library/Developer/Xcode/DerivedData/Chitchat-dsdwfckxxhakuscbfmbnzdadgvwg/Build/Intermediates.noindex/Chitchat.build/Debug/Chitchat.build/Chitchat-project-headers.hmap -Xcc -I/Users/yuhang.ang/Library/Developer/Xcode/DerivedData/Chitchat-dsdwfckxxhakuscbfmbnzdadgvwg/SourcePackages/checkouts/mlx-swift/Source/Cmlx/include -Xcc -I/Users/yuhang.ang/Library/Developer/Xcode/DerivedData/Chitchat-dsdwfckxxhakuscbfmbnzdadgvwg/SourcePackages/checkouts/swift-nio-ssl/Sources/CNIOBoringSSLShims/include -Xcc -I/Users/yuhang.ang/Library/Developer/Xcode/DerivedData/Chitchat-dsdwfckxxhakuscbfmbnzdadgvwg/SourcePackages/checkouts/swift-nio-ssl/Sources/CNIOBoringSSL/include -Xcc -I/Users/yuhang.ang/Library/Developer/Xcode/DerivedData/Chitchat-dsdwfckxxhakuscbfmbnzdadgvwg/SourcePackages/checkouts/swift-nio-extras/Sources/CNIOExtrasZlib/include -Xcc -I/Users/yuhang.ang/Library/Developer/Xcode/DerivedData/Chitchat-dsdwfckxxhakuscbfmbnzdadgvwg/SourcePackages/checkouts/swift-numerics/Sources/_NumericsShims/include -Xcc -I/Users/yuhang.ang/Library/Developer/Xcode/DerivedData/Chitchat-dsdwfckxxhakuscbfmbnzdadgvwg/SourcePackages/checkouts/swift-system/Sources/CSystem/include -Xcc -I/Users/yuhang.ang/Library/Developer/Xcode/DerivedData/Chitchat-dsdwfckxxhakuscbfmbnzdadgvwg/SourcePackages/checkouts/async-http-client/Sources/CAsyncHTTPClient/include -Xcc -I/Users/yuhang.ang/Library/Developer/Xcode/DerivedData/Chitchat-dsdwfckxxhakuscbfmbnzdadgvwg/SourcePackages/checkouts/swift-nio/Sources/CNIOLLHTTP/include -Xcc -I/Users/yuhang.ang/Library/Developer/Xcode/DerivedData/Chitchat-dsdwfckxxhakuscbfmbnzdadgvwg/SourcePackages/checkouts/swift-nio/Sources/CNIOPosix/include -Xcc -I/Users/yuhang.ang/Library/Developer/Xcode/DerivedData/Chitchat-dsdwfckxxhakuscbfmbnzdadgvwg/SourcePackages/checkouts/swift-nio/Sources/CNIOWASI/include -Xcc -I/Users/yuhang.ang/Library/Developer/Xcode/DerivedData/Chitchat-dsdwfckxxhakuscbfmbnzdadgvwg/SourcePackages/checkouts/swift-nio/Sources/CNIOWindows/include -Xcc -I/Users/yuhang.ang/Library/Developer/Xcode/DerivedData/Chitchat-dsdwfckxxhakuscbfmbnzdadgvwg/SourcePackages/checkouts/swift-nio/Sources/CNIOLinux/include -Xcc -I/Users/yuhang.ang/Library/Developer/Xcode/DerivedData/Chitchat-dsdwfckxxhakuscbfmbnzdadgvwg/SourcePackages/checkouts/swift-nio/Sources/CNIODarwin/include -Xcc -I/Users/yuhang.ang/Library/Developer/Xcode/DerivedData/Chitchat-dsdwfckxxhakuscbfmbnzdadgvwg/SourcePackages/checkouts/swift-nio/Sources/CNIOOpenBSD/include -Xcc -I/Users/yuhang.ang/Library/Developer/Xcode/DerivedData/Chitchat-dsdwfckxxhakuscbfmbnzdadgvwg/SourcePackages/checkouts/swift-nio/Sources/CNIOAtomics/include -Xcc -I/Users/yuhang.ang/Library/Developer/Xcode/DerivedData/Chitchat-dsdwfckxxhakuscbfmbnzdadgvwg/SourcePackages/checkouts/swift-atomics/Sources/_AtomicsShims/include -Xcc -I/Users/yuhang.ang/Library/Developer/Xcode/DerivedData/Chitchat-dsdwfckxxhakuscbfmbnzdadgvwg/SourcePackages/checkouts/yyjson/src -Xcc -I/Users/yuhang.ang/Library/Developer/Xcode/DerivedData/Chitchat-dsdwfckxxhakuscbfmbnzdadgvwg/Build/Products/Debug/include -Xcc -I/Users/yuhang.ang/Library/Developer/Xcode/DerivedData/Chitchat-dsdwfckxxhakuscbfmbnzdadgvwg/Build/Intermediates.noindex/Chitchat.build/Debug/Chitchat.build/DerivedSources-normal/arm64 -Xcc -I/Users/yuhang.ang/Library/Developer/Xcode/DerivedData/Chitchat-dsdwfckxxhakuscbfmbnzdadgvwg/Build/Intermediates.noindex/Chitchat.build/Debug/Chitchat.build/DerivedSources/arm64 -Xcc -I/Users/yuhang.ang/Library/Developer/Xcode/DerivedData/Chitchat-dsdwfckxxhakuscbfmbnzdadgvwg/Build/Intermediates.noindex/Chitchat.build/Debug/Chitchat.build/DerivedSources -Xcc -DDEBUG\=1 -no-auto-bridging-header-chaining -module-name Chitchat -frontend-parseable-output -disable-clang-spi -target-sdk-version 26.2 -target-sdk-name macosx26.2 -clang-target arm64-apple-macos26.2 -in-process-plugin-server-path /Applications/Xcode.app/Contents/Developer/Toolchains/XcodeDefault.xctoolchain/usr/lib/swift/host/libSwiftInProcPluginServer.dylib -emit-module-doc-path /Users/yuhang.ang/Library/Developer/Xcode/DerivedData/Chitchat-dsdwfckxxhakuscbfmbnzdadgvwg/Build/Intermediates.noindex/Chitchat.build/Debug/Chitchat.build/Objects-normal/arm64/Chitchat.swiftdoc -emit-module-source-info-path /Users/yuhang.ang/Library/Developer/Xcode/DerivedData/Chitchat-dsdwfckxxhakuscbfmbnzdadgvwg/Build/Intermediates.noindex/Chitchat.build/Debug/Chitchat.build/Objects-normal/arm64/Chitchat.swiftsourceinfo -emit-objc-header-path /Users/yuhang.ang/Library/Developer/Xcode/DerivedData/Chitchat-dsdwfckxxhakuscbfmbnzdadgvwg/Build/Intermediates.noindex/Chitchat.build/Debug/Chitchat.build/Objects-normal/arm64/Chitchat-Swift.h -serialize-diagnostics-path /Users/yuhang.ang/Library/Developer/Xcode/DerivedData/Chitchat-dsdwfckxxhakuscbfmbnzdadgvwg/Build/Intermediates.noindex/Chitchat.build/Debug/Chitchat.build/Objects-normal/arm64/Chitchat-primary-emit-module.dia -emit-dependencies-path /Users/yuhang.ang/Library/Developer/Xcode/DerivedData/Chitchat-dsdwfckxxhakuscbfmbnzdadgvwg/Build/Intermediates.noindex/Chitchat.build/Debug/Chitchat.build/Objects-normal/arm64/Chitchat-primary-emit-module.d -o /Users/yuhang.ang/Library/Developer/Xcode/DerivedData/Chitchat-dsdwfckxxhakuscbfmbnzdadgvwg/Build/Intermediates.noindex/Chitchat.build/Debug/Chitchat.build/Objects-normal/arm64/Chitchat.swiftmodule -emit-abi-descriptor-path /Users/yuhang.ang/Library/Developer/Xcode/DerivedData/Chitchat-dsdwfckxxhakuscbfmbnzdadgvwg/Build/Intermediates.noindex/Chitchat.build/Debug/Chitchat.build/Objects-normal/arm64/Chitchat.abi.json
SwiftCompile normal arm64 Compiling\ ContentView.swift,\ DatabaseManager.swift,\ ExcelExporter.swift /Users/yuhang.ang/Desktop/Projects/model/Chitchat/Chitchat/ContentView.swift /Users/yuhang.ang/Desktop/Projects/model/Chitchat/Chitchat/DatabaseManager.swift /Users/yuhang.ang/Desktop/Projects/model/Chitchat/Chitchat/ExcelExporter.swift (in target 'Chitchat' from project 'Chitchat')
SwiftCompile normal arm64 /Users/yuhang.ang/Desktop/Projects/model/Chitchat/Chitchat/ContentView.swift (in target 'Chitchat' from project 'Chitchat')
    cd /Users/yuhang.ang/Desktop/Projects/model/Chitchat
    

SwiftCompile normal arm64 /Users/yuhang.ang/Desktop/Projects/model/Chitchat/Chitchat/DatabaseManager.swift (in target 'Chitchat' from project 'Chitchat')
    cd /Users/yuhang.ang/Desktop/Projects/model/Chitchat
    

SwiftCompile normal arm64 /Users/yuhang.ang/Desktop/Projects/model/Chitchat/Chitchat/ExcelExporter.swift (in target 'Chitchat' from project 'Chitchat')
    cd /Users/yuhang.ang/Desktop/Projects/model/Chitchat
    

SwiftCompile normal arm64 Compiling\ ToolDataView.swift,\ ToolStorage.swift,\ VisionManager.swift /Users/yuhang.ang/Desktop/Projects/model/Chitchat/Chitchat/ToolDataView.swift /Users/yuhang.ang/Desktop/Projects/model/Chitchat/Chitchat/ToolStorage.swift /Users/yuhang.ang/Desktop/Projects/model/Chitchat/Chitchat/VisionManager.swift (in target 'Chitchat' from project 'Chitchat')
SwiftCompile normal arm64 /Users/yuhang.ang/Desktop/Projects/model/Chitchat/Chitchat/ToolDataView.swift (in target 'Chitchat' from project 'Chitchat')
    cd /Users/yuhang.ang/Desktop/Projects/model/Chitchat
    

SwiftCompile normal arm64 /Users/yuhang.ang/Desktop/Projects/model/Chitchat/Chitchat/ToolStorage.swift (in target 'Chitchat' from project 'Chitchat')
    cd /Users/yuhang.ang/Desktop/Projects/model/Chitchat
    

SwiftCompile normal arm64 /Users/yuhang.ang/Desktop/Projects/model/Chitchat/Chitchat/VisionManager.swift (in target 'Chitchat' from project 'Chitchat')
    cd /Users/yuhang.ang/Desktop/Projects/model/Chitchat
    

SwiftCompile normal arm64 Compiling\ MLXAudioExtensions.swift,\ MLXModelManager.swift,\ MLXRuntimeSupport.swift /Users/yuhang.ang/Desktop/Projects/model/Chitchat/Chitchat/MLXAudioExtensions.swift /Users/yuhang.ang/Desktop/Projects/model/Chitchat/Chitchat/MLXModelManager.swift /Users/yuhang.ang/Desktop/Projects/model/Chitchat/Chitchat/MLXRuntimeSupport.swift (in target 'Chitchat' from project 'Chitchat')

SwiftCompile normal arm64 /Users/yuhang.ang/Desktop/Projects/model/Chitchat/Chitchat/MLXAudioExtensions.swift (in target 'Chitchat' from project 'Chitchat')
    cd /Users/yuhang.ang/Desktop/Projects/model/Chitchat
    

SwiftCompile normal arm64 /Users/yuhang.ang/Desktop/Projects/model/Chitchat/Chitchat/MLXModelManager.swift (in target 'Chitchat' from project 'Chitchat')
    cd /Users/yuhang.ang/Desktop/Projects/model/Chitchat
    

SwiftCompile normal arm64 /Users/yuhang.ang/Desktop/Projects/model/Chitchat/Chitchat/MLXRuntimeSupport.swift (in target 'Chitchat' from project 'Chitchat')
    cd /Users/yuhang.ang/Desktop/Projects/model/Chitchat
    

SwiftCompile normal arm64 Compiling\ ScannerView.swift,\ ScanResult.swift,\ ScriptEngine.swift /Users/yuhang.ang/Desktop/Projects/model/Chitchat/Chitchat/ScannerView.swift /Users/yuhang.ang/Desktop/Projects/model/Chitchat/Chitchat/ScanResult.swift /Users/yuhang.ang/Desktop/Projects/model/Chitchat/Chitchat/ScriptEngine.swift (in target 'Chitchat' from project 'Chitchat')

SwiftCompile normal arm64 /Users/yuhang.ang/Desktop/Projects/model/Chitchat/Chitchat/ScannerView.swift (in target 'Chitchat' from project 'Chitchat')
    cd /Users/yuhang.ang/Desktop/Projects/model/Chitchat
    

SwiftCompile normal arm64 /Users/yuhang.ang/Desktop/Projects/model/Chitchat/Chitchat/ScanResult.swift (in target 'Chitchat' from project 'Chitchat')
    cd /Users/yuhang.ang/Desktop/Projects/model/Chitchat
    

SwiftCompile normal arm64 /Users/yuhang.ang/Desktop/Projects/model/Chitchat/Chitchat/ScriptEngine.swift (in target 'Chitchat' from project 'Chitchat')
    cd /Users/yuhang.ang/Desktop/Projects/model/Chitchat
    

SwiftCompile normal arm64 Compiling\ WhisperManager.swift,\ GeneratedAssetSymbols.swift /Users/yuhang.ang/Desktop/Projects/model/Chitchat/Chitchat/WhisperManager.swift /Users/yuhang.ang/Library/Developer/Xcode/DerivedData/Chitchat-dsdwfckxxhakuscbfmbnzdadgvwg/Build/Intermediates.noindex/Chitchat.build/Debug/Chitchat.build/DerivedSources/GeneratedAssetSymbols.swift (in target 'Chitchat' from project 'Chitchat')
SwiftCompile normal arm64 /Users/yuhang.ang/Desktop/Projects/model/Chitchat/Chitchat/WhisperManager.swift (in target 'Chitchat' from project 'Chitchat')
    cd /Users/yuhang.ang/Desktop/Projects/model/Chitchat
    

SwiftCompile normal arm64 /Users/yuhang.ang/Library/Developer/Xcode/DerivedData/Chitchat-dsdwfckxxhakuscbfmbnzdadgvwg/Build/Intermediates.noindex/Chitchat.build/Debug/Chitchat.build/DerivedSources/GeneratedAssetSymbols.swift (in target 'Chitchat' from project 'Chitchat')
    cd /Users/yuhang.ang/Desktop/Projects/model/Chitchat
    

SwiftCompile normal arm64 Compiling\ GemmaManager.swift,\ HomeView.swift,\ MainView.swift /Users/yuhang.ang/Desktop/Projects/model/Chitchat/Chitchat/GemmaManager.swift /Users/yuhang.ang/Desktop/Projects/model/Chitchat/Chitchat/HomeView.swift /Users/yuhang.ang/Desktop/Projects/model/Chitchat/Chitchat/MainView.swift (in target 'Chitchat' from project 'Chitchat')
SwiftCompile normal arm64 /Users/yuhang.ang/Desktop/Projects/model/Chitchat/Chitchat/GemmaManager.swift (in target 'Chitchat' from project 'Chitchat')
    cd /Users/yuhang.ang/Desktop/Projects/model/Chitchat
    

SwiftCompile normal arm64 /Users/yuhang.ang/Desktop/Projects/model/Chitchat/Chitchat/HomeView.swift (in target 'Chitchat' from project 'Chitchat')
    cd /Users/yuhang.ang/Desktop/Projects/model/Chitchat
    

SwiftCompile normal arm64 /Users/yuhang.ang/Desktop/Projects/model/Chitchat/Chitchat/MainView.swift (in target 'Chitchat' from project 'Chitchat')
    cd /Users/yuhang.ang/Desktop/Projects/model/Chitchat
    

SwiftCompile normal arm64 Compiling\ SettingsView.swift,\ SpeechService.swift,\ test_type.swift /Users/yuhang.ang/Desktop/Projects/model/Chitchat/Chitchat/SettingsView.swift /Users/yuhang.ang/Desktop/Projects/model/Chitchat/Chitchat/SpeechService.swift /Users/yuhang.ang/Desktop/Projects/model/Chitchat/Chitchat/test_type.swift (in target 'Chitchat' from project 'Chitchat')
SwiftCompile normal arm64 /Users/yuhang.ang/Desktop/Projects/model/Chitchat/Chitchat/SettingsView.swift (in target 'Chitchat' from project 'Chitchat')
    cd /Users/yuhang.ang/Desktop/Projects/model/Chitchat
    

SwiftCompile normal arm64 /Users/yuhang.ang/Desktop/Projects/model/Chitchat/Chitchat/SpeechService.swift (in target 'Chitchat' from project 'Chitchat')
    cd /Users/yuhang.ang/Desktop/Projects/model/Chitchat
    

SwiftCompile normal arm64 /Users/yuhang.ang/Desktop/Projects/model/Chitchat/Chitchat/test_type.swift (in target 'Chitchat' from project 'Chitchat')
    cd /Users/yuhang.ang/Desktop/Projects/model/Chitchat
    

SwiftCompile normal arm64 Compiling\ AudioService.swift,\ ChatView.swift,\ ChitchatApp.swift /Users/yuhang.ang/Desktop/Projects/model/Chitchat/Chitchat/AudioService.swift /Users/yuhang.ang/Desktop/Projects/model/Chitchat/Chitchat/ChatView.swift /Users/yuhang.ang/Desktop/Projects/model/Chitchat/Chitchat/ChitchatApp.swift (in target 'Chitchat' from project 'Chitchat')

** BUILD FAILED **


The following build commands failed:
	EmitSwiftModule normal arm64 (in target 'Chitchat' from project 'Chitchat')
	SwiftEmitModule normal arm64 Emitting\ module\ for\ Chitchat (in target 'Chitchat' from project 'Chitchat')
	Building project Chitchat with scheme Chitchat
(3 failures)
